accuracy,f1_score,sensitivity,specificity,loss
97.006237006237,0.9681980123219608,0.9891177613680529,0.9481448368350469,0.08435654608976181
97.46361746361747,0.9736665887062995,0.9900398406374502,0.9578260869565217,0.07434940464456281
97.15176715176715,0.9710440289812456,0.9896779521056978,0.9530988274706867,0.07483872010405494
97.46361746361747,0.9741851126956795,0.9897456931911403,0.959106239460371,0.07183670557419655
96.92307692307692,0.9683037513360082,0.9848121502797762,0.9523396880415944,0.08962546342871541
97.02702702702703,0.9686041350729986,0.9894159153273226,0.9486498450641877,0.07925678120457456
97.58835758835758,0.9748766945338649,0.9908730158730159,0.9593886462882096,0.06534499257741004
97.48440748440748,0.9735992088183638,0.9913180741910024,0.9565026362038664,0.06985349311898008
97.87941787941789,0.9784011569142732,0.992616899097621,0.9645868465430016,0.06573536794423561
97.06860706860707,0.9694855152513455,0.9877081681205393,0.9519230769230769,0.08086015336881557
97.15176715176715,0.9706085602513689,0.9895034315704482,0.9524217745392198,0.07919082787205424
97.11018711018711,0.9698223702978174,0.989662027833002,0.9507625272331155,0.0741564895709872
97.21413721413721,0.971300630399419,0.9926530612244898,0.9508474576271186,0.0762016149683083
97.33887733887734,0.9729930697018667,0.9876796714579056,0.9587368421052631,0.07900930592585007
97.71309771309771,0.9763834328860524,0.9904038384646141,0.9627544391511477,0.061918259011252384
97.29729729729729,0.9726638431671335,0.9920734251147267,0.953999171156237,0.07562534418770281
97.21413721413721,0.9711052720255526,0.9865665744764915,0.9561211057481351,0.06937277182430104
97.11018711018711,0.9690163101755179,0.9922178988326849,0.946875,0.08284307876272658
97.13097713097713,0.9703934345541895,0.9879518072289156,0.9534482758620689,0.07687274007207284
97.42203742203742,0.9729870342680403,0.990909090909091,0.9557017543859649,0.06923287411427548
97.42203742203742,0.9729059181253177,0.9898198903680501,0.9565602836879432,0.07628671225923232
97.27650727650727,0.9717347816031654,0.9869719699960521,0.9569609134826527,0.06954282472769802
97.6923076923077,0.9761572365043624,0.990023942537909,0.9626736111111112,0.0667775776121076
97.25571725571726,0.9711362176893665,0.9913009094503756,0.9517755370451556,0.07465183588980141
96.96465696465697,0.9688678861309677,0.9866342648845686,0.9517300299017514,0.076976030736604
97.04781704781705,0.9695194576575902,0.9906693711967546,0.9492537313432836,0.0782897394365416
97.27650727650727,0.9718776684324117,0.9868682849184242,0.9573356552024379,0.07982844998072562
97.60914760914761,0.9754994069218524,0.9887187751813054,0.9626288659793815,0.0665664957615541
97.27650727650727,0.9716944635698804,0.991562876657292,0.95260663507109,0.07147953107550338
97.71309771309771,0.9766474514015246,0.9918233851185609,0.9619289340101523,0.06424401606938447
97.65072765072765,0.9757067821857613,0.9877808435159637,0.9639243290805103,0.06731380407326698
97.67151767151768,0.9759114192062979,0.992744860943168,0.9596393301846285,0.07071338297795357
97.44282744282744,0.9737793847702182,0.9886868686868687,0.9593147751605996,0.06614055895476975
97.02702702702703,0.9691362370215785,0.9876494023904383,0.951304347826087,0.0780933790791803
97.31808731808732,0.9721820394674231,0.9899959983993597,0.9549978364344439,0.06876381064248184
97.0893970893971,0.9702604987484936,0.9854251012145749,0.9555555555555556,0.08020639387956528
97.56756756756756,0.975138295752148,0.9886593762656947,0.961982058949167,0.06434342575035873
97.54677754677755,0.9747529603919968,0.989545637314033,0.9603960396039604,0.0704110052399802
97.06860706860707,0.9700516648785356,0.9858012170385395,0.9547974413646055,0.07713854919430237
97.35966735966736,0.9727869393820561,0.9883720930232558,0.957685664939551,0.07517635054351944
97.31808731808732,0.9721731201772305,0.9896166134185304,0.9553339115351258,0.07457977135408198
97.15176715176715,0.9706809039752403,0.9886868686868687,0.9533190578158458,0.07448771190316476
97.17255717255718,0.9704328595123864,0.992,0.9497835497835497,0.07795769062954275
97.71309771309771,0.9766000747292394,0.9891041162227603,0.9644082332761578,0.06441201541317228
97.38045738045739,0.9733372887332389,0.9881439084219134,0.9589678510998308,0.07334097102749125
97.6923076923077,0.9761550566699866,0.9896455595380327,0.9630274032187908,0.06429106898842042
97.6923076923077,0.9761631187115801,0.9927331449333872,0.9601371624517788,0.058204899918531956
97.1933471933472,0.9705438013807542,0.9882537196554424,0.9534574468085106,0.07481061460570337
97.46361746361747,0.9737610489328659,0.9931146213041717,0.9551473729175566,0.07084372154516391
97.5051975051975,0.9744865950802929,0.9894351889475823,0.9599829714772243,0.07190831384641891
97.0893970893971,0.9700655551783882,0.9867256637168141,0.9539586919104991,0.07882359971828651
97.52598752598753,0.9746684862373509,0.98714859437751,0.9625,0.07371580426943278
97.56756756756756,0.974500210943127,0.9887247278382582,0.9606791778373548,0.06582631668745852
96.81912681912682,0.9674574338685745,0.983454398708636,0.9519725557461407,0.08617290606307884
97.35966735966736,0.9729461576929489,0.9878787878787879,0.9584582441113491,0.07613761128546484
96.98544698544698,0.9691873750357042,0.9838709677419355,0.9549356223175965,0.07762781784534764
97.02702702702703,0.9694542663608535,0.9859211584875301,0.9535283993115319,0.0874810556915891
97.17255717255718,0.9706763561276192,0.9903536977491961,0.9517657192075797,0.0803742537522793
97.58835758835758,0.9755110794057309,0.9889344262295082,0.9624472573839662,0.06780310306318585
97.54677754677755,0.9748045178105995,0.9902912621359223,0.9597946963216424,0.06898385348135369
97.5051975051975,0.974342869525985,0.9887550200803212,0.9603448275862069,0.06598599041403579
97.48440748440748,0.9740683040227388,0.9911111111111112,0.9576017130620985,0.06656066340988738
97.56756756756756,0.9744062173175776,0.9913623871221044,0.9580203269995581,0.07002324841746174
97.006237006237,0.9693620914263397,0.9889570552147239,0.9505285412262157,0.07952407368941516
96.94386694386695,0.9682193135732179,0.9884185303514377,0.9488291413703382,0.07983150762542618
97.65072765072765,0.9760395737058056,0.9910020449897751,0.961522198731501,0.060922002186926116
97.46361746361747,0.9736882194238202,0.9885148514851485,0.9592997811816193,0.06891439314195867
97.15176715176715,0.970464089088944,0.9876641464385197,0.9538528515454942,0.07181190902254933
97.1933471933472,0.9703776105102835,0.9898198903680501,0.9516843971631206,0.07596516519298573
97.6923076923077,0.9764022011979971,0.9918367346938776,0.9614406779661017,0.06896524320292652
97.42203742203742,0.9736943732691623,0.9901760130986492,0.957752429235319,0.07473258153688388
97.56756756756756,0.9750865005873126,0.9902557856272838,0.9603749467405198,0.06711986386013874
97.15176715176715,0.9704945149454257,0.9907258064516129,0.9510729613733906,0.07304899204375219
97.4012474012474,0.9729307577132025,0.988564668769716,0.9577836411609498,0.07586399953107575
97.13097713097713,0.9703274852653486,0.9876099120703438,0.9536395147313691,0.0782017808879015
97.27650727650727,0.971995638900615,0.9898662342926632,0.9547588561673068,0.07071218642400356
97.21413721413721,0.9712777166313497,0.9910714285714286,0.9522591645353794,0.0752951145388386
97.46361746361747,0.9743218498488267,0.9876543209876543,0.9613445378151261,0.0679335709910897
97.5051975051975,0.9746559984333611,0.9889253486464314,0.9607925801011804,0.0677043185106589
97.35966735966736,0.9721448753532982,0.9921104536489151,0.952967032967033,0.07389551803932899
97.29729729729729,0.971925838407707,0.9888667992047714,0.9555555555555556,0.07290678844765881
97.13097713097713,0.9704450211957286,0.9898662342926632,0.9517712334613743,0.07983530917191424
97.23492723492724,0.9715082053869628,0.9914634146341463,0.9523404255319149,0.07566022280954103
97.25571725571726,0.9717228843017824,0.9875751503006012,0.9563714902807775,0.07046656196553593
97.42203742203742,0.9734327725486077,0.9914910858995137,0.9560204953031597,0.07028699850589966
97.23492723492724,0.9715224879672295,0.9894907033144705,0.954195205479452,0.07735941790183716
97.23492723492724,0.971033515265527,0.9897314375987362,0.9530289727831431,0.07645510813806317
97.0893970893971,0.9701237531334539,0.9840383080606544,0.9565972222222222,0.07849064146734058
97.56756756756756,0.9749955414142721,0.9899193548387096,0.9605150214592275,0.06260809243933575
97.67151767151768,0.9759377987485314,0.9904038384646141,0.9618882633174535,0.06669268389135645
97.35966735966736,0.9725628597872702,0.9873966128397007,0.9581682078379569,0.07743550691436085
97.56756756756756,0.974694622880365,0.9927826784282278,0.9572538860103627,0.06482709888717365
97.75467775467776,0.9766246406603606,0.9928143712574851,0.9609544468546638,0.06313017235910075
97.62993762993763,0.9750868650998614,0.9906176700547302,0.9600355239786856,0.06447953927093969
97.35966735966736,0.9732153228444856,0.9892739273927392,0.9576697401508801,0.07254949136561639
97.15176715176715,0.9707048901229683,0.9914320685434517,0.9508266214497668,0.08204673247919138
97.21413721413721,0.9713560936810396,0.9867576243980738,0.956427955133736,0.07473961251387043
97.38045738045739,0.9725097746248869,0.9924483306836248,0.9533565823888405,0.07309923752824816
97.56756756756756,0.9746862577960824,0.9912385503783353,0.9586776859504132,0.06534150724035276
97.1933471933472,0.9710168216094188,0.989911218724778,0.9528301886792453,0.07453849355122869
97.35966735966736,0.9730295509273043,0.9889930697105584,0.9575731862537123,0.07512127933123394
97.33887733887734,0.9724379730575967,0.9876984126984127,0.9576419213973799,0.06982394599446759
97.38045738045739,0.9728054517171362,0.9915662650602409,0.9547413793103449,0.06902290038152631
97.48440748440748,0.9735958678250352,0.9909413154785348,0.9568472038749449,0.06589372846362783
97.73388773388774,0.9769020120389169,0.9898208469055375,0.9643160577740016,0.06710505675690988
97.23492723492724,0.9713624435584816,0.9884231536926148,0.954880694143167,0.06946878185081383
97.06860706860707,0.9692387809509992,0.9908621374652364,0.9485390318360227,0.0711215819303806
97.48440748440748,0.9739889361232617,0.9907593411008437,0.957776820336062,0.07062719269189016
97.21413721413721,0.9709757259637434,0.9885148514851485,0.9540481400437637,0.07651428175071669
97.65072765072765,0.9760793994525735,0.9870602507076426,0.9653401797175867,0.06582866850107708
97.83783783783784,0.9774818876052477,0.9924453280318092,0.9629629629629629,0.06275342385797217
97.15176715176715,0.9708065041621522,0.9851465274989963,0.956877964639931,0.08161171143429195
97.31808731808732,0.9719812978835546,0.9912385503783353,0.9534580252283602,0.06602140207176645
97.58835758835758,0.9754852269959271,0.9877750611246944,0.9634974533106961,0.07330202985856984
97.33887733887734,0.972774243667266,0.9890154597233524,0.9570578231292517,0.07107411170389945
97.15176715176715,0.9704126444295609,0.9919322307382009,0.9498069498069498,0.07417964725813242
97.15176715176715,0.9709667853645287,0.9913294797687862,0.9514237855946399,0.07872474789173813
97.52598752598753,0.9743814761880341,0.9892558694787107,0.9599477579451459,0.06836154915086476
97.77546777546777,0.9774928996615181,0.990909090909091,0.9644351464435147,0.06557885697905338
97.67151767151768,0.9760651859863756,0.9880382775119617,0.9643788010425717,0.07088288093235522
97.29729729729729,0.9721105981329781,0.9879951980792316,0.9567286888792731,0.07613775772265238
97.29729729729729,0.9720292178870479,0.9880478087649402,0.9565217391304348,0.06753149662892191
96.88149688149689,0.9675337100412486,0.9899638699317543,0.9460974557999138,0.080363234347939
97.5051975051975,0.9741196455013984,0.988902100673801,0.9597726278968081,0.06640558441221837
97.35966735966736,0.9729783431661466,0.9894179894179894,0.9570760730981726,0.07642501687743312
97.33887733887734,0.9725878592542945,0.9872153415900919,0.9583875162548765,0.07102323141839188
97.15176715176715,0.9701040158337118,0.9916467780429594,0.9494773519163763,0.0775983262923304
97.44282744282744,0.973355506051923,0.9885826771653543,0.958590308370044,0.06932871335509413
97.04781704781705,0.9692887521326511,0.9907593411008437,0.9487289961223611,0.0818985842865371
97.29729729729729,0.9714911834565562,0.9913385826771653,0.9524229074889868,0.07656498410373058
97.38045738045739,0.9729354218914686,0.9926977687626775,0.9539445628997868,0.06988690361688436
97.62993762993763,0.9753988791524667,0.9908366533864542,0.9604347826086956,0.06590529779928761
97.56756756756756,0.9747948335976336,0.9870588235294118,0.9628318584070796,0.06093246071674936
97.5051975051975,0.9740458004403794,0.9896988906497622,0.9588801399825022,0.07282471174743073
97.35966735966736,0.9724294261982127,0.9924,0.9532467532467532,0.07428203086267307
97.94178794178794,0.9785966628293614,0.9905623279591034,0.9669166299073666,0.06444407137277344
97.06860706860707,0.9702223266947644,0.9884440775897647,0.9526602429828236,0.08265900011106612
97.62993762993763,0.9755104134751217,0.9896290386916633,0.9617889709075119,0.07074401046840664
97.27650727650727,0.9717478248901255,0.9892215568862276,0.954880694143167,0.075941943453362
97.33887733887734,0.9724599537344027,0.9892,0.9562770562770563,0.07505982777185102
97.33887733887734,0.9722721441400856,0.9893026941362916,0.9558180227471567,0.08125712597692335
97.54677754677755,0.9746596980391801,0.9877179080824089,0.9619422572178478,0.06725242734265179
97.33887733887734,0.9724782968076711,0.9899598393574297,0.9556034482758621,0.07674802969289235
97.48440748440748,0.9738744707203962,0.9904306220095693,0.9578627280625543,0.07193357238309794
97.04781704781705,0.9689525135271172,0.9912663755458515,0.9476211261457879,0.07968203341762638
97.15176715176715,0.9706058419135812,0.9871948779511804,0.9545651233232367,0.07929734464281837
97.33887733887734,0.9724066377096567,0.9869771112865036,0.9582601054481547,0.07554037260051852
97.33887733887734,0.9718214041726726,0.9891640866873065,0.9550763701707098,0.07685810182061581
97.33887733887734,0.9725153148914643,0.9895540377661711,0.9560534252477381,0.074761562228683
97.42203742203742,0.9731766260929727,0.9904420549581839,0.9565028273162245,0.0689657407226099
97.42203742203742,0.9732371533796073,0.9885148514851485,0.9584245076586433,0.0741136458025676
97.25571725571726,0.971704114345758,0.9895118999596612,0.9545259545259546,0.081114370966032
97.0893970893971,0.970013702791955,0.987143431096826,0.9534683326152521,0.07860606112701357
97.5051975051975,0.9742323483675266,0.991528842275111,0.9575289575289575,0.06740928424479684
97.54677754677755,0.9746892448610153,0.9888223552894212,0.9609544468546638,0.07374819581418177
97.4012474012474,0.9731607069424995,0.9876641464385197,0.9590770570309098,0.07124204914745819
97.35966735966736,0.9723335508789198,0.989763779527559,0.9555066079295155,0.07079703820222628
97.46361746361747,0.974108307345367,0.9847939175670268,0.9636520986585894,0.0688033888143586
97.33887733887734,0.9729407380196173,0.9869334422213148,0.9593392630241423,0.07844003692981855
97.52598752598753,0.9746311366307109,0.9875601926163724,0.9620362381363244,0.06969131226351256
97.31808731808732,0.9720393754336116,0.9919903884661594,0.9528750540423692,0.07076356433493641
97.9002079002079,0.9786323717796084,0.9906160750713995,0.966935142009326,0.055906101808013885
97.62993762993763,0.9757880695945047,0.9914180629342052,0.9606432501057978,0.070547074602965
97.6923076923077,0.9764235711690618,0.9910313901345291,0.962240135765804,0.05595183451030705
97.35966735966736,0.9724352883490955,0.9893364928909952,0.9561018437225637,0.07339533912618171
97.65072765072765,0.9757282832393125,0.9903961584633854,0.961488533102553,0.06564131811601952
97.60914760914761,0.9753443471178644,0.9903614457831326,0.9607758620689655,0.07388348821821679
97.60914760914761,0.9754202430974719,0.9887775551102205,0.9624190064794816,0.059879829678897455
97.35966735966736,0.9728239655607123,0.9887323943661972,0.9574193548387097,0.06962380491026722
97.54677754677755,0.9749623868811403,0.9870811465482439,0.9631375910844406,0.06887334444542685
97.35966735966736,0.9724980358032028,0.9881796690307328,0.957306338028169,0.07007737024038596
97.54677754677755,0.9740390513861606,0.9914196567862714,0.9572573463935886,0.061420345838857415
97.60914760914761,0.9755321519132787,0.989469420818145,0.961982058949167,0.06016099282226713
97.006237006237,0.9693225421516766,0.9832067173130747,0.9558250324815938,0.08058496141755903
97.25571725571726,0.9713911203490441,0.989289964299881,0.9541284403669725,0.07176749591585907
97.4012474012474,0.9732600237568549,0.9883534136546185,0.9586206896551724,0.0735998009956682
97.1933471933472,0.9709375552728123,0.9884092725819345,0.9540727902946274,0.07566188146672918
97.54677754677755,0.974525570854585,0.9923725411481332,0.9573091849935317,0.07102025267813285
97.21413721413721,0.9710317441915631,0.9888623707239459,0.9538327526132404,0.07322383755798648
97.58835758835758,0.9748203235376033,0.9912802219579865,0.9588981198076082,0.06978045467310537
97.71309771309771,0.976686550962699,0.9914040114613181,0.9623996620194338,0.06947096711953545
97.04781704781705,0.9693625935130047,0.989951768488746,0.9496124031007752,0.08094316251445736
97.62993762993763,0.9754973991072767,0.9907852564102564,0.9606741573033708,0.06648944428426808
97.23492723492724,0.9722643224815563,0.9915576192486281,0.9537074969274887,0.07145513561312225
97.17255717255718,0.9710079801658014,0.9882352941176471,0.9543710021321962,0.07675692507389181
97.4012474012474,0.9732891858348555,0.9864379736737136,0.9604863221884499,0.06595630168664378
97.1933471933472,0.9703351633085733,0.9902114330462021,0.9512411347517731,0.07128964173075067
97.52598752598753,0.9740715724806874,0.992072929052715,0.9567118495846086,0.06651522881291388
97.23492723492724,0.9714483752856867,0.9906995551961181,0.952931108258451,0.07754042940166476
97.21413721413721,0.9709372196429622,0.9900517309988062,0.9525468001741402,0.08060800264397802
97.15176715176715,0.9702858353481966,0.9919743178170144,0.9495254529767041,0.06873355862856871
97.23492723492724,0.9720927503453868,0.9883527454242929,0.956359102244389,0.0718529420317172
96.86070686070686,0.9672901379160702,0.9876690533015116,0.9477351916376306,0.0856952943972732
97.31808731808732,0.9723351805014487,0.9899193548387096,0.9553648068669528,0.07143398207881471
97.46361746361747,0.9736962850860343,0.9907926341072858,0.9571799307958477,0.06919640795465194
97.77546777546777,0.976865015449528,0.9924212205823694,0.9617889709075119,0.06599041868907374
97.27650727650727,0.9716724560099705,0.9911823647294589,0.9529157667386609,0.07584156117047688
97.46361746361747,0.9738523535724692,0.9899396378269618,0.9582795698924731,0.07414119570456026
97.25571725571726,0.971601431199196,0.9946960424316605,0.9495548961424333,0.07347285767509883
97.56756756756756,0.9751308250315441,0.9882780921584479,0.9623287671232876,0.07038407481762943
96.94386694386695,0.968511478488601,0.9898373983739838,0.9480851063829787,0.08743130431922923
97.17255717255718,0.9708543037730843,0.988714228133817,0.9536281665951052,0.07384064616383733
97.42203742203742,0.9727949883984762,0.9913657770800628,0.9549071618037135,0.06657104741263042
97.60914760914761,0.9751209645794797,0.988985051140834,0.9616402116402116,0.07042963742714166
97.23492723492724,0.9713788533204435,0.988795518207283,0.9545651233232367,0.07438379880311954
97.17255717255718,0.9702673759715611,0.9897678079496262,0.9515204936095196,0.07362641886093513
97.62993762993763,0.975122910084445,0.9932539682539683,0.9576419213973799,0.06898053315837951
97.42203742203742,0.9735535428875867,0.9918367346938776,0.9559322033898305,0.0653898927967168
97.71309771309771,0.9764205273608454,0.990766760337214,0.96248382923674,0.06910826944999722
97.38045738045739,0.9732854210722175,0.9897624897624898,0.957347972972973,0.07163721335869817
97.006237006237,0.9692737041441908,0.9878246753246753,0.9514066496163683,0.08602595267325577
97.65072765072765,0.9759681965759223,0.9906466043106954,0.9617184176945981,0.06658717134886125
97.31808731808732,0.9724169575875313,0.9894864536999596,0.9559264013692769,0.0757379163467091
97.4012474012474,0.9726277575722437,0.9902152641878669,0.9556541019955654,0.07362099391507011
97.17255717255718,0.9706725889116539,0.9907444668008049,0.9513978494623656,0.07943966658650403
97.65072765072765,0.9756950087468288,0.9896538002387585,0.9621245102307358,0.07045933643304293
97.4012474012474,0.9726918052245949,0.9909377462568952,0.9551056338028169,0.06820520255288687
97.06860706860707,0.9698594525200925,0.9890422077922078,0.9514066496163683,0.08405125008125378
97.56756756756756,0.9745289137252464,0.9932270916334661,0.9565217391304348,0.071510276889231
97.46361746361747,0.9737117384474093,0.9900159744408946,0.9579358196010408,0.06513712295329124
97.38045738045739,0.9728249131352955,0.9907815631262525,0.9555075593952483,0.07279572668952154
97.33887733887734,0.9725277707823694,0.9887775551102205,0.9568034557235421,0.07649468664862139
97.35966735966736,0.9728155270718626,0.9883534136546185,0.9577586206896552,0.07757874149015936
97.21413721413721,0.9714030425652452,0.9874899112187248,0.9558319039451115,0.08068790031895197
97.54677754677755,0.9745489300680507,0.9931479242241031,0.9566337483898669,0.06648542786214555
97.52598752598753,0.9744623828970539,0.9903575733226195,0.959069366652305,0.07046965746569163
97.04781704781705,0.9697897358340136,0.9881729200652528,0.952078032230704,0.07945888089964828
97.33887733887734,0.9725697455092617,0.9903030303030304,0.9554603854389722,0.06980155778936499
97.27650727650727,0.9717343204182053,0.9911575562700965,0.9530577088716624,0.0755359345996702
97.04781704781705,0.9696314315807624,0.9859550561797753,0.953839516824849,0.08175363493555665
97.73388773388774,0.9769954175555448,0.9917559769167353,0.9626677852348994,0.0649851340452972
97.5051975051975,0.9743458666535508,0.989911218724778,0.95926243567753,0.06695799874664592
97.4012474012474,0.9734418191230624,0.990990990990991,0.9565033783783784,0.07201382386538814
97.56756756756756,0.9752090120417323,0.988997555012225,0.9617996604414262,0.0688085651880986
97.81704781704782,0.9774436263383416,0.9908183632734531,0.9644251626898048,0.06362976442849198
97.04781704781705,0.9696766101103306,0.9859211584875301,0.9539586919104991,0.08246449823655855
97.33887733887734,0.9721177020390545,0.9901341752170482,0.9547451669595782,0.07601121662796866
97.21413721413721,0.9712711303769775,0.9891172914147521,0.9540575354229283,0.07677206279852247
97.31808731808732,0.9725010887427116,0.9894394800974817,0.9561328790459966,0.0764214571061972
97.0893970893971,0.9695873632808347,0.9885284810126582,0.9513584574934268,0.0790180052235372
97.62993762993763,0.9755749661419183,0.9888268156424581,0.9626736111111112,0.06504436395830028
97.1933471933472,0.9705748480548342,0.9904912836767037,0.9514435695538058,0.07601489195456872
97.23492723492724,0.9718583249156287,0.9861450692746536,0.9579796264855688,0.07538587658118123
97.35966735966736,0.9728336307753321,0.9891129032258065,0.9570815450643777,0.07496438566401693
97.44282744282744,0.973457192770435,0.9900318979266348,0.9574283231972198,0.06148356464693578
97.15176715176715,0.9705689489941444,0.9903030303030304,0.9516059957173447,0.07842141565249114
97.73388773388774,0.9761916183040672,0.9956052736715941,0.9575205895101864,0.06276304584980134
97.35966735966736,0.9726879422193434,0.9880573248407644,0.9577893820713664,0.07157247531478993
97.23492723492724,0.9712551708608663,0.9915594855305466,0.9517657192075797,0.07875628226016515
97.4012474012474,0.9729853733088183,0.992363344051447,0.954349698535745,0.07565013928311778
97.5051975051975,0.9735416246220449,0.9899613899613899,0.9576576576576576,0.07226560351704082
97.48440748440748,0.9741762087931303,0.9906655844155844,0.9582267689684569,0.06764063893308139
97.6923076923077,0.9763267538741778,0.991873222267371,0.9612601106853981,0.06498084637782853
97.21413721413721,0.9709038151646504,0.9893069306930693,0.9531728665207877,0.08014614292364297
97.006237006237,0.968923199828866,0.9899477281865702,0.9487731381833836,0.07649283214362596
97.1933471933472,0.9711335594663485,0.9841458581054301,0.9584608657630083,0.07279578585200895
97.6923076923077,0.9761663437173946,0.9892601431980907,0.9634146341463414,0.06866542473019115
97.0893970893971,0.9696950497226565,0.9903884661593912,0.949848681366191,0.07579395877054104
97.5051975051975,0.974532575623077,0.9844497607655502,0.9648132059079062,0.0708228158963972
97.4012474012474,0.97357227169154,0.9893223819301848,0.9583157894736842,0.07599264299671268
97.52598752598753,0.9744058554485424,0.9911611088790679,0.958207669108143,0.0677643046123818
97.71309771309771,0.976331618949948,0.992363344051447,0.9608096468561584,0.06378285080008596
97.27650727650727,0.972017149007357,0.9863836603924709,0.958063121487246,0.07308327284856485
97.35966735966736,0.9727434946037187,0.9887820512820513,0.9572169403630078,0.07187958992785327
97.29729729729729,0.9715615473385757,0.9876017047655947,0.9560340960071781,0.07861246532390742
97.02702702702703,0.9691284536700697,0.9868995633187773,0.9519860323003055,0.0788121574045219
97.38045738045739,0.9735035910688743,0.9860254829428688,0.9612957509465713,0.0754761730953896
97.62993762993763,0.9755839551096571,0.9892,0.9623376623376624,0.06758917613640397
97.56756756756756,0.9752394869368948,0.9877999186661245,0.9629944704381115,0.06481678257355071
97.15176715176715,0.9709834927946688,0.9901112484548825,0.9525807805287453,0.07686836879367392
97.29729729729729,0.9722419993371012,0.9918334013883218,0.9534095722151631,0.08010416549791169
97.79625779625779,0.977261444400308,0.9904115061925689,0.964456003467707,0.06171486767835667
97.25571725571726,0.9713466987417454,0.9908366533864542,0.9526086956521739,0.07654673808453732
97.67151767151768,0.9758091073309448,0.9897233201581027,0.962280701754386,0.06849122094823021
96.96465696465697,0.9695445219327365,0.9882005899705014,0.951579811243332,0.07903909762106483
97.46361746361747,0.9738596558246058,0.9899355877616747,0.9582975064488392,0.06938650858067673
97.11018711018711,0.9701031490788107,0.9876099120703438,0.9532062391681109,0.07379335100383047
96.83991683991684,0.9675903163004411,0.9835341365461847,0.9521551724137931,0.08181317901691874
97.75467775467776,0.9759687212717494,0.9960768928991761,0.9566563467492261,0.06094238222295926
97.35966735966736,0.9726331428821912,0.9873467773823645,0.9583516001753617,0.06883930857457887
97.38045738045739,0.973246523953989,0.990979909799098,0.9561366512020245,0.07295285909128783
97.81704781704782,0.977837090279707,0.9897708674304418,0.9661876584953508,0.06503454078445811
97.27650727650727,0.9720217028536767,0.98562874251497,0.9587852494577006,0.07145963945036866
97.62993762993763,0.975422034904158,0.9874657265961614,0.9636685866194062,0.06615136604980719
97.21413721413721,0.9712319877918988,0.9872255489021956,0.9557483731019523,0.07917975329962441
97.44282744282744,0.9734627370860659,0.9885148514851485,0.9588621444201313,0.06654753143165315
97.65072765072765,0.9755837627692903,0.9900990099009901,0.9614879649890591,0.0605630534724284
97.31808731808732,0.9722595331281518,0.9884231536926148,0.9566160520607375,0.0792195146225718
97.65072765072765,0.9756015892517561,0.9935613682092556,0.9582795698924731,0.06626804244715194
97.11018711018711,0.9698921929569395,0.9904,0.9502164502164502,0.0754540317625063
97.4012474012474,0.9732266135217618,0.9918798213560698,0.9552620366425224,0.07372474613407794
97.58835758835758,0.9752204608250729,0.9868787276341948,0.963834422657952,0.06438853266550201
97.1933471933472,0.9713308720912476,0.9858356940509915,0.9572466866182129,0.07865061005287012
97.46361746361747,0.9733100787390632,0.9909662215239592,0.9562720848056537,0.06773889886095283
97.83783783783784,0.9773359768307867,0.9925078864353313,0.9626209322779243,0.06954925856001196
97.71309771309771,0.9766148347915419,0.991442542787286,0.9622241086587436,0.0602026423644623
97.35966735966736,0.972859552498176,0.9894864536999596,0.9567821994009413,0.07263737394476383
97.44282744282744,0.9737959144511587,0.9879032258064516,0.9600858369098713,0.06813197712609526
97.48440748440748,0.974136845882247,0.9910786699107867,0.9577645051194539,0.07511602402577591
97.44282744282744,0.9734648253140948,0.9900279218189071,0.9574468085106383,0.07213109567724633
96.98544698544698,0.9694439700340614,0.988391376451078,0.951209341117598,0.08235443588772212
97.35966735966736,0.9728021415031509,0.9887459807073955,0.9573643410852714,0.07128158357118308
97.25571725571726,0.9713972470976964,0.9923694779116465,0.9512931034482759,0.07483689504638778
98.08731808731808,0.9805268604880031,0.9918433931484503,0.9694656488549618,0.05182366955719439
97.42203742203742,0.9733171357095184,0.9899879855826993,0.9571984435797666,0.07577105451115308
97.44282744282744,0.9731816322888793,0.9920666402221341,0.9550021843599825,0.06855364094898572
97.35966735966736,0.9726620036416259,0.9899799599198397,0.9559395248380129,0.0694640389512854
97.38045738045739,0.9729954893451234,0.9883814102564102,0.9580812445980985,0.06969977525882606
97.52598752598753,0.9745554351494911,0.988,0.9614718614718615,0.06849821000485806
97.0893970893971,0.9701306565350021,0.9870654810024252,0.9537671232876712,0.07630780796808909
97.81704781704782,0.9773211599485638,0.9890325107716412,0.9658839167035889,0.06045457202778537
97.17255717255718,0.9706489933564575,0.9892086330935251,0.9527729636048526,0.07481511802162796
97.60914760914761,0.9753395275998785,0.988835725677831,0.9622067767158993,0.06594638443724281
97.46361746361747,0.9733764596801414,0.9916963226571768,0.9557211749232792,0.06616285892013217
97.94178794178794,0.9785249025899487,0.9902419984387197,0.9670818505338078,0.05831935922082769
97.62993762993763,0.9750864882271747,0.9940381558028617,0.9568439407149084,0.061465678563856534
97.29729729729729,0.971900749930562,0.9915696507426737,0.9529969814575248,0.07675228019338694
97.23492723492724,0.971033898444094,0.9920255183413078,0.9509122502172024,0.07057120178926837
97.21413721413721,0.9711763291263259,0.9903303787268332,0.9527491408934707,0.07327971908180604
97.13097713097713,0.969806507701371,0.9901458415451321,0.9502859656841179,0.07399114206783752
97.23492723492724,0.9713230717901666,0.9892086330935251,0.9540727902946274,0.07470317550149108
97.65072765072765,0.9755383769994107,0.9908802537668517,0.9606643356643356,0.058927801675056714
97.38045738045739,0.9729183596174124,0.9911290322580645,0.9553648068669528,0.06835017423653732
97.5051975051975,0.9744037101885533,0.9906617945594803,0.9586706433745207,0.06366028367791503
97.15176715176715,0.9705274095510085,0.9899315344341523,0.9518693596905887,0.07727301594125506
96.83991683991684,0.9672947396017101,0.9834188709040663,0.9516908212560387,0.08559113994143973
96.79833679833679,0.9667261687133937,0.9853465346534653,0.9487964989059081,0.08163003389899795
97.48440748440748,0.9736538884996497,0.9916765755053508,0.9562745955400087,0.06787735303039052
97.23492723492724,0.9707818438485061,0.9905919247353979,0.9517485613103143,0.07754712640162627
97.52598752598753,0.9746928605211854,0.988663967611336,0.9611111111111111,0.07126015793230082
97.11018711018711,0.9701947526274308,0.9887096774193549,0.9523605150214592,0.07611668985298295
97.56756756756756,0.9749068842579249,0.9899719213798637,0.9602934829520933,0.06499167545979335
97.5051975051975,0.9741888920598788,0.9919387343812979,0.95706311721769,0.07595477526360762
97.21413721413721,0.9712008045457835,0.9880047980807677,0.9549588566478995,0.07732953383342202
97.29729729729729,0.9718881967181586,0.9911858974358975,0.9533275713050994,0.07247586234059974
97.52598752598753,0.9743524607433267,0.9911858974358975,0.9580812445980985,0.07139466089543087
97.42203742203742,0.9733880565948112,0.9880382775119617,0.9591659426585578,0.06686942917052772
97.62993762993763,0.9754712212134036,0.9904153354632588,0.9609713790112749,0.062342666024477716
97.15176715176715,0.9703654799304908,0.9907778668805133,0.9507772020725389,0.07168993300426059
96.98544698544698,0.9691931660753326,0.9857839155158408,0.9531516183986372,0.08347524126561788
97.38045738045739,0.972806925433062,0.9900199600798403,0.956182212581345,0.0744505452917668
97.58835758835758,0.9749074637742339,0.9900990099009901,0.9601750547045952,0.06721390700301437
97.46361746361747,0.9735061223291279,0.9908802537668517,0.9567307692307693,0.07040604391365686
97.75467775467776,0.9767911413690273,0.9904268049461508,0.9635258358662614,0.06345347884245915
97.21413721413721,0.9718046697348638,0.9900249376558603,0.9542429284525791,0.07721456720061956
97.56756756756756,0.9748076828295233,0.9904115061925689,0.9596879063719116,0.06530270751748668
97.77546777546777,0.977093830068004,0.9903769045709703,0.9641623488773747,0.06181417775749919
97.42203742203742,0.9736306441812054,0.9867096254530809,0.9608938547486033,0.07596596407773275
97.62993762993763,0.9755493945780717,0.9896041583366654,0.9618882633174535,0.06624359607284118
97.60914760914761,0.9756619067187725,0.9901719901719902,0.9615709459459459,0.0706037636025346
97.56756756756756,0.9755470729234176,0.9891440501043841,0.9623188405797102,0.06751282757725141
97.13097713097713,0.9707621198994562,0.9881147540983607,0.9540084388185655,0.08005421015737954
97.52598752598753,0.974428863273895,0.9880952380952381,0.9611353711790394,0.06734670313412087
97.25571725571726,0.9717788423285859,0.9890820865345734,0.9550706033376123,0.07585082433792509
97.62993762993763,0.9756481274228286,0.9876395534290271,0.9639443961772372,0.06523870982002446
97.62993762993763,0.9753321087921629,0.9893658920834975,0.9616908850726552,0.06759572395601789
97.29729729729729,0.9720054534414837,0.9907481898632341,0.9539586919104991,0.07844496297179537
97.46361746361747,0.9735358438446878,0.9916334661354582,0.9560869565217391,0.06945357377255595
97.85862785862786,0.9778532219244848,0.9904610492845787,0.9655623365300785,0.05821396579613557
97.38045738045739,0.972959283451324,0.9911111111111112,0.9554603854389722,0.07501564895164942
97.48440748440748,0.973552850684141,0.9891050583657588,0.9584821428571428,0.07148786552077094
97.17255717255718,0.9708023641045432,0.988358089120835,0.9538594221647262,0.07715450520791779
97.0893970893971,0.9698997544668705,0.9883627608346709,0.952113891285591,0.0771711172470184
97.11018711018711,0.9698400897008764,0.9888932963109877,0.9515072083879423,0.07151343681636071
97.17255717255718,0.9709732537091235,0.9898249898249898,0.9528261793455164,0.07615345604020692
97.92099792099792,0.9783213812465127,0.9928543072647876,0.9642077695329551,0.05955141832637688
97.4012474012474,0.973600341299504,0.988109881098811,0.9595107549557149,0.0740389058532933
97.33887733887734,0.9730257089493826,0.9860712822613683,0.9603208104685521,0.07872810868581219
97.25571725571726,0.9718947230774295,0.9894093686354379,0.9549893842887474,0.07809611440644325
97.5051975051975,0.9738835149251672,0.9912940245350218,0.9570740254051686,0.069570862487338
97.52598752598753,0.9744736008346845,0.9880620771985674,0.9612538093164997,0.06731299530877392
97.46361746361747,0.9740751061382709,0.9910020449897751,0.9577167019027484,0.07131211558858362
97.33887733887734,0.9725632438988098,0.9926739926739927,0.953251168720782,0.0732406445793428
97.35966735966736,0.9727366113170013,0.9872712808273667,0.9586236933797909,0.07355216943625972
97.25571725571726,0.9717202301276198,0.9895034315704482,0.954564937848264,0.08129972968741345
97.9002079002079,0.9785114801064326,0.9930668841761827,0.9643765903307888,0.0698957568797401
97.44282744282744,0.9737172506565883,0.9857142857142858,0.9620087336244542,0.07746620980166906
97.46361746361747,0.9737818637693272,0.988831272437176,0.9591836734693877,0.07292965107332149
97.27650727650727,0.9717138412042448,0.9862529457973291,0.9575971731448764,0.07751968102740961
97.33887733887734,0.9723658206753992,0.9896331738437002,0.9556907037358818,0.07109138242931351
97.42203742203742,0.9728607958672729,0.9909626719056974,0.9554083885209713,0.06561612300032638
97.35966735966736,0.9730068724032508,0.9878345498783455,0.9586177474402731,0.07782066407731565
97.56756756756756,0.9749055324096502,0.9915254237288136,0.9588336192109777,0.06601149578754967
97.0893970893971,0.969558946234649,0.9889196675900277,0.9509417433201928,0.0791271977918513
97.13097713097713,0.9702388259982013,0.9884231536926148,0.9527114967462039,0.07617137102476029
97.79625779625779,0.9774575559863239,0.9914599430662872,0.9638451722671204,0.06609759684187397
97.42203742203742,0.9732662884865637,0.9892515923566879,0.9577893820713664,0.06567013025779486
97.42203742203742,0.9734574618029104,0.9895245769540693,0.9579037800687286,0.07057350890985893
97.44282744282744,0.9736213477903437,0.989558232931727,0.9581896551724138,0.06985891214155605
97.67151767151768,0.975833301534423,0.990843949044586,0.9612706701479548,0.06454792933968398
97.52598752598753,0.9745670219489161,0.989911218724778,0.9596912521440824,0.06877451943477574
97.46361746361747,0.9741827101418664,0.9885574172456069,0.9602200592467203,0.07586887149012449
97.13097713097713,0.970353071875346,0.9849742981415579,0.9561595791319597,0.0791465612294892
97.04781704781705,0.969620424718446,0.9898373983739838,0.9502127659574469,0.07537033692343072
97.42203742203742,0.973382720303213,0.9872915011914217,0.9598603839441536,0.07781685821851425
96.94386694386695,0.9680018467926523,0.9881469774792572,0.9486616937253182,0.08567225421630495
97.35966735966736,0.9727687622039317,0.9895372233400402,0.9565591397849462,0.0664240427733459
97.04781704781705,0.9699364703425513,0.9900908340214699,0.9505862646566164,0.0769904294033804
97.58835758835758,0.9750398232726921,0.9919549477071601,0.9586919104991394,0.06739742362028542
97.35966735966736,0.9727281014310826,0.9903342730567861,0.9557370004297379,0.06983887649561413
97.27650727650727,0.9720297604587403,0.9882875605815832,0.9562982005141388,0.0744140806711732
97.13097713097713,0.9703163559334123,0.9895372233400402,0.9518279569892473,0.07208823285904459
97.46361746361747,0.9739931027038081,0.9906466043106954,0.9578902594640578,0.06903625475881688
97.4012474012474,0.9731029277245086,0.9935091277890467,0.9535181236673774,0.07335283213707458
97.29729729729729,0.9725237024119067,0.9913151364764268,0.9544314381270903,0.08062398605592734
96.9022869022869,0.9682115726068768,0.9881921824104235,0.9490229396771452,0.08342375175372975
97.06860706860707,0.969227569010429,0.9882214369846879,0.9509500662836942,0.07857281328982474
97.77546777546777,0.9766244275162403,0.9952172180151455,0.9587136027813994,0.06009646632651491
97.27650727650727,0.9720526741297569,0.9910240718074256,0.9537939805002119,0.06685672136422502
97.38045738045739,0.9724861658304029,0.9913077834847887,0.9543659499780606,0.07007327110152266
97.60914760914761,0.9750956246691422,0.9871894409937888,0.963294538943599,0.07129685038588399
97.38045738045739,0.9732344741933937,0.9890020366598778,0.9579617834394905,0.06712660982879556
97.85862785862786,0.978058270492502,0.9911003236245954,0.9653550042771599,0.06406812091811082
97.35966735966736,0.9729174815626089,0.988673139158576,0.957656116338751,0.0705233786961116
97.4012474012474,0.9737628348141479,0.9887920298879203,0.9591836734693877,0.07281282134973706
97.71309771309771,0.9762712568843319,0.9889720362347381,0.9638925583443417,0.06944811502839449
97.54677754677755,0.9742942780394819,0.995580554439534,0.9538991813873331,0.07232695244516008
97.54677754677755,0.9747740056006902,0.9914841849148418,0.9586177474402731,0.06349500650756004
97.38045738045739,0.9736052137638935,0.9875311720698254,0.9600665557404326,0.07295318425569118
97.52598752598753,0.9743971232866493,0.9907778668805133,0.9585492227979274,0.066656329419915
97.31808731808732,0.9725999101962777,0.9897792313982011,0.9560067681895094,0.08081333280614579
97.06860706860707,0.9697639049050514,0.9864,0.9536796536796537,0.07650477205434128
97.35966735966736,0.9730536007176388,0.9854897218863361,0.9609274366680979,0.07318087736543523
97.58835758835758,0.9751035457768243,0.9888446215139443,0.9617391304347827,0.06765583344500922
97.17255717255718,0.9708624235102087,0.9887096774193549,0.9536480686695279,0.0783257315287719
97.48440748440748,0.9739578486885251,0.9900039984006398,0.9584235599826765,0.07014860574643973
97.4012474012474,0.9726747300208283,0.9909448818897638,0.9550660792951542,0.07280399781688583
97.1933471933472,0.9711618446224181,0.9859775641025641,0.9567847882454624,0.08160839487571975
97.13097713097713,0.9704355837185349,0.99026369168357,0.9513859275053305,0.07652742413052681
97.25571725571726,0.9715241722500662,0.9884600079586152,0.955158902916848,0.07668616323733776
97.31808731808732,0.9724673063167237,0.9867576243980738,0.9585849870578085,0.06995723428981081
97.23492723492724,0.9716124815368989,0.9890510948905109,0.9547781569965871,0.07121129169394097
96.79833679833679,0.9670361447162922,0.9851345922057051,0.949590693666523,0.08766085807779338
97.21413721413721,0.9711797664759816,0.9911111111111112,0.95203426124197,0.08044897092200366
97.35966735966736,0.9728188258461259,0.9891216760676873,0.9570446735395189,0.06867295614987798
97.60914760914761,0.974993400791905,0.991304347826087,0.9592105263157895,0.07002150316036784
97.75467775467776,0.9766759921820909,0.9931836407377707,0.9607081174438687,0.06225356420989994
97.54677754677755,0.9747290861999665,0.991504854368932,0.9585115483319077,0.06468935407186992
97.17255717255718,0.9706474065471205,0.9884462151394422,0.9534782608695652,0.07921553862875563
97.52598752598753,0.9747912987062036,0.9929867986798679,0.9572506286672254,0.06713516887494221
97.56756756756756,0.9747947178231244,0.9885284810126582,0.9614373356704645,0.06562410876263328
97.87941787941789,0.9782509937535491,0.9903420523138833,0.9664516129032258,0.062033271035325924
97.62993762993763,0.9754973991072767,0.9907852564102564,0.9606741573033708,0.06777230391197542
97.27650727650727,0.9719808484729178,0.9887051230334812,0.9558129558129558,0.06955593166690854
97.23492723492724,0.9713186944399189,0.9876935291782454,0.9554779572239197,0.07793342832111891
97.42203742203742,0.9738779626828038,0.9853061224489796,0.9627118644067797,0.07041637033084698
97.73388773388774,0.9763582151510193,0.9924453280318092,0.9607843137254902,0.060161178517532915
97.54677754677755,0.9749562257965096,0.9909983633387889,0.959425190194421,0.06892932069772495
97.58835758835758,0.9753254612185082,0.9926289926289926,0.9586148648648649,0.0694293252395741
97.71309771309771,0.9763898591789041,0.9904,0.9627705627705627,0.05936119904869436
97.35966735966736,0.9730003293693797,0.9898000815993472,0.956761339550657,0.07322644014321722
97.54677754677755,0.9745238897121759,0.9931561996779388,0.9565778159931212,0.06780746365876059
97.60914760914761,0.9749024950864926,0.9905956112852664,0.9596988485385297,0.06411363371103816
97.58835758835758,0.9750716299346175,0.9939148073022313,0.9569296375266525,0.0728497133092672
96.96465696465697,0.9690816933247777,0.9864864864864865,0.9522804054054054,0.08656164732395735
97.9002079002079,0.9780735707850287,0.9909768536681052,0.9655019902697921,0.05872915944165846
97.92099792099792,0.9784652075449245,0.9908766362554542,0.9663608562691132,0.059340573311347726
97.4012474012474,0.9728891103843945,0.9900911613158938,0.9562745955400087,0.07019418797411195
97.35966735966736,0.9725185517207032,0.9935483870967742,0.9523605150214592,0.06543716796191715
97.46361746361747,0.9735394348328223,0.9927942353883107,0.9550173010380623,0.06683494641153692
97.52598752598753,0.9737638046498183,0.9906976744186047,0.9573991031390134,0.06782283782261944
97.62993762993763,0.9758020713529029,0.9886547811993517,0.9632792485055508,0.06942696661345676
97.11018711018711,0.9701806894627454,0.9894949494949495,0.9516059957173447,0.07754160774713904
97.29729729729729,0.9721398748319667,0.9879759519038076,0.9568034557235421,0.07799043741518644
97.13097713097713,0.9705777403215242,0.9851524879614767,0.956427955133736,0.07894760054427735
97.65072765072765,0.975701346863156,0.9904115061925689,0.9614217598612917,0.06994670343405243
97.25571725571726,0.9716814820946497,0.9903030303030304,0.9537473233404711,0.0860709014280918
97.31808731808732,0.9724774752352034,0.9914285714285714,0.9542372881355933,0.08184497351685574
97.33887733887734,0.973001956642591,0.9880707527766351,0.9583858764186634,0.07132163229427473
97.35966735966736,0.972684244860946,0.9895833333333334,0.956352636127917,0.0758857113810686
97.35966735966736,0.9724294261982127,0.9924,0.9532467532467532,0.07156257344876453
97.54677754677755,0.9750727105057814,0.9877551020408163,0.9627118644067797,0.0754073059056605
97.42203742203742,0.973549867909288,0.9883064516129032,0.9592274678111588,0.06865086596373957
97.54677754677755,0.9749622870990133,0.9902000816659862,0.9601863617111394,0.06286119607871635
97.46361746361747,0.9733004032603054,0.9905956112852664,0.9565987599645704,0.07071514420846396
97.38045738045739,0.9726963150808524,0.9885691761923532,0.9573251209854817,0.07150325967219665
97.35966735966736,0.9728219011064971,0.9895076674737692,0.9566895368782161,0.06939436767769207
97.25571725571726,0.9717443243533826,0.9894907033144705,0.9546232876712328,0.07652054741870216
97.65072765072765,0.9757318152592258,0.9931229773462783,0.9589392643284859,0.06789521463350887
97.56756756756756,0.9751485510481547,0.9898249898249898,0.9609009774755631,0.061233408623442766
97.73388773388774,0.9763022876417493,0.9917061611374408,0.961369622475856,0.062262647264790014
97.58835758835758,0.9751640892798905,0.9926918392204629,0.9582445675330209,0.06595673117115745
97.0893970893971,0.9696131911219206,0.9908073541167066,0.9493067590987868,0.07671966052027478
97.73388773388774,0.976741476811499,0.9926769731489016,0.9613095238095238,0.06735427369031544
97.65072765072765,0.9753158833497706,0.99249901302803,0.958717610891524,0.06552516445052847
97.48440748440748,0.9736708483434134,0.9901536037810161,0.9577278731836195,0.0648769125752848
97.85862785862786,0.9779558713742371,0.9900119856172593,0.9661898569570871,0.07016334536905534
97.44282744282744,0.9730415296434453,0.9913589945011784,0.9553886925795053,0.06993554731416603
97.56756756756756,0.9750387848564761,0.9902834008097166,0.9602564102564103,0.06466369438769291
97.48440748440748,0.9737706656682539,0.9901029295328583,0.957968476357268,0.06535558038741629
97.35966735966736,0.9725421278292951,0.9900398406374502,0.9556521739130435,0.06795701867321859
97.44282744282744,0.9732528628571129,0.9897597479322567,0.9572875385292823,0.07124246575341031
96.92307692307692,0.968128190102128,0.9853174603174604,0.951528384279476,0.0821016364682489
97.54677754677755,0.9748392332592161,0.9902715849209567,0.9598804950917627,0.07157784865504971
97.46361746361747,0.9738621936169592,0.9911039223615042,0.9572100984167736,0.07261421969412146
97.48440748440748,0.9737513296220759,0.9904912836767037,0.9575678040244969,0.0745080257899548
97.13097713097713,0.9704747694586723,0.9871330920788098,0.9543693499784761,0.08015736817864395
97.11018711018711,0.9707169691594378,0.9892160929075072,0.952897040433514,0.07699127014176513
97.56756756756756,0.9748721196991553,0.9927184466019418,0.957656116338751,0.06790152941201184
97.52598752598753,0.9743216066688103,0.9896702423520064,0.9594417793283908,0.0659619963714338
97.38045738045739,0.9726963150808524,0.9885691761923532,0.9573251209854817,0.07710051543375558
97.29729729729729,0.9720950172040816,0.986873508353222,0.9577526132404182,0.07208525903054402
97.15176715176715,0.9704440807014778,0.9895833333333334,0.9520311149524633,0.08045819369870821
97.52598752598753,0.9745909311274826,0.990287333063537,0.9593843522873022,0.07025450230140448
97.1933471933472,0.9709647310088759,0.9839530332681018,0.9583148558758315,0.07554720539653871
97.52598752598753,0.9740139034787889,0.9913351713272942,0.9572875385292823,0.07212979079237723
97.31808731808732,0.9721811962886178,0.9892301555644196,0.9557099435518889,0.07286874055105712
96.9022869022869,0.9678785873972371,0.9872153415900919,0.9492847854356307,0.08138556523779078
97.15176715176715,0.9708020797893849,0.9886178861788618,0.9536170212765958,0.07199129055103136
97.33887733887734,0.9724422695583286,0.9862150452934226,0.9590488771466315,0.06825819798898176
97.31808731808732,0.9716858944515746,0.9924930857368629,0.9517332163229487,0.07233325724108551
97.42203742203742,0.9732907766540628,0.9911611088790679,0.9560534252477381,0.07005590868033391
97.13097713097713,0.970482419432428,0.9871279163314561,0.9543889845094664,0.07941334428044962
97.38045738045739,0.9728725794372525,0.9858712715855573,0.9602122015915119,0.07454213531254142
97.56756756756756,0.9746923238278501,0.9920063948840927,0.9579722703639515,0.06547508016461022
97.31808731808732,0.9724289354191281,0.9883158742949234,0.9570446735395189,0.07803497971529276
97.46361746361747,0.9739536971982322,0.9898826386078511,0.9585292860196665,0.06632466938912002
97.5051975051975,0.9740923851120227,0.9919775371038909,0.9568407423392318,0.07342694438229123
97.4012474012474,0.9729160522637808,0.9896988906497622,0.9566929133858267,0.06956574998393251
97.5051975051975,0.973980178573047,0.992797118847539,0.9558632626568585,0.06708206424505107
97.35966735966736,0.9730992464533769,0.9881584320130665,0.9584921643371452,0.07502526412572781
97.27650727650727,0.9716414785539473,0.9904229848363927,0.9535590277777778,0.08042544563632001
97.83783783783784,0.9777137528019036,0.9931257581884351,0.962772785622593,0.0640010526082372
97.60914760914761,0.975352814167249,0.9895875050060072,0.9615218331171639,0.0668124342488276
97.6923076923077,0.9757899955621692,0.9940310385992838,0.9582063561166739,0.06475821068924764
97.33887733887734,0.9723178250691743,0.9896579156722355,0.955574912891986,0.07646726289156074
97.81704781704782,0.9775000243324288,0.9931229773462783,0.962360992301112,0.06330934187974355
97.46361746361747,0.9737639595388464,0.9899879855826993,0.958063121487246,0.06962053297097716
97.73388773388774,0.9767188463078587,0.990722065348931,0.9631059631059631,0.06534321388503703
97.21413721413721,0.9710832678249617,0.9896,0.9532467532467532,0.07076845474157815
96.98544698544698,0.9686414083572678,0.98805256869773,0.9499782514136581,0.08469275258899726
97.23492723492724,0.9713132030103908,0.9903691813804173,0.9529767040552201,0.07920168900776174
97.29729729729729,0.9723662763141162,0.9882113821138211,0.9570212765957447,0.07534433722403094
97.29729729729729,0.9714269792244925,0.9906103286384976,0.9529724933451642,0.06754434304215061
97.27650727650727,0.9717124326570753,0.991556091676719,0.9526474386569092,0.07005511900630786
97.42203742203742,0.9735371078019318,0.9894779441521652,0.9581017528858486,0.0756654569842386
97.67151767151768,0.9761581297619907,0.9902715849209567,0.9624413145539906,0.06073831728738955
97.46361746361747,0.9737640652764213,0.991539081385979,0.9566151202749141,0.06493820598089521
97.35966735966736,0.9725501926248389,0.9900358708648864,0.9556714471968709,0.07011133052579083
97.38045738045739,0.972485033036074,0.9905511811023622,0.9550660792951542,0.07142908659893361
97.17255717255718,0.9707765380680284,0.9879903923138511,0.9541522491349481,0.07057443588556772
97.25571725571726,0.97183103603816,0.9898373983739838,0.9544680851063829,0.07224206668818504
97.1933471933472,0.9709091132661896,0.9903498190591074,0.9522169608265174,0.07311529210708617
97.29729729729729,0.972095776224892,0.9883860632759311,0.9563337656722871,0.07617054207307594
97.4012474012474,0.9731825235430217,0.9891696750902527,0.9577039274924471,0.06926257861410258
97.58835758835758,0.9749575450007008,0.9908330011956955,0.9595827900912647,0.0655109120319886
97.38045738045739,0.9729276780886227,0.9923045767517213,0.9542930371636053,0.07215995781294025
97.46361746361747,0.9736189396063119,0.9904458598726115,0.9573542210617929,0.07123342712802848
97.38045738045739,0.9726844436437972,0.9912280701754386,0.9548218940052129,0.06893363852913563
97.4012474012474,0.9729264186069689,0.9908366533864542,0.9556521739130435,0.0637738414107785
97.75467775467776,0.9768843807982174,0.9903691813804173,0.9637618636755824,0.06659824772623683
97.17255717255718,0.9703251811003504,0.9893658920834975,0.9520035226772346,0.07660006386336334
97.23492723492724,0.9716593743075819,0.9890243902439024,0.9548936170212766,0.07363612864272022
97.92099792099792,0.9785674198266834,0.9939271255060729,0.9636752136752137,0.05660161111443816
97.1933471933472,0.9712414197738566,0.9909946786737618,0.9522602450359104,0.07950808504500026
97.35966735966736,0.972736070427653,0.9903303787268332,0.9557560137457045,0.07020253272351505
97.23492723492724,0.9715731139899837,0.9890732496964791,0.9546814878153057,0.07431860992262863
97.44282744282744,0.9735429843330311,0.9923232323232323,0.9554603854389722,0.06875611772904029
97.58835758835758,0.9749900500113639,0.9881796690307328,0.9621478873239436,0.06843326891696937
96.9022869022869,0.9679408965780391,0.9879469666532744,0.9487289961223611,0.07922134428534836
97.48440748440748,0.9740283400809717,0.9923076923076923,0.9564102564102565,0.07276997582642303
97.04781704781705,0.9697711789925452,0.9843247588424437,0.9556416881998278,0.07773302690534545
97.46361746361747,0.9736647327757503,0.9892814608971814,0.9585333915320821,0.06602535668506167
97.62993762993763,0.9753213561010994,0.9935794542536116,0.9577221742881795,0.061202939124216406
97.4012474012474,0.9731236218750159,0.989204318272691,0.9575573841489823,0.07249436234453162
97.4012474012474,0.9728293538878499,0.9897435897435898,0.9564835164835165,0.07197122191347127
97.46361746361747,0.9737398463063216,0.9888579387186629,0.9590770570309098,0.07635722810290212
97.35966735966736,0.972399995620022,0.9920223374551257,0.953538862353452,0.07196354520881816
97.42203742203742,0.9729091532503711,0.9928514694201748,0.9537521815008726,0.07237876456176665
97.1933471933472,0.9707051481436036,0.9908220271348763,0.9513888888888888,0.07755359935558744
96.92307692307692,0.9677679109212896,0.9896661367249603,0.946817785527463,0.08030476472853623
97.5051975051975,0.9746024997542406,0.987785016286645,0.9617672047578589,0.06359880617829408
98.06652806652806,0.980282466901172,0.9873015873015873,0.9733624454148472,0.05155998485166727
97.33887733887734,0.9726686413291754,0.989469420818145,0.9564288765484835,0.07317087906190115
97.60914760914761,0.975522079066065,0.9898662342926632,0.9615877080665813,0.0726232803227252
97.33887733887734,0.9720774007509988,0.9886630179827991,0.9560390763765542,0.07293806067956399
97.17255717255718,0.970522744482112,0.9904191616766467,0.951409978308026,0.07816461947568654
97.04781704781705,0.9698936446895661,0.9834477190149374,0.9567081011573082,0.07463432379771728
97.54677754677755,0.9747642705131405,0.9865186360031721,0.9632867132867133,0.06766543660134759
97.29729729729729,0.9726362871849845,0.9880214787277984,0.95772289660946,0.07033558612700994
97.48440748440748,0.9736845055893797,0.9909018987341772,0.9570552147239264,0.07014086859459502
97.42203742203742,0.9734758669863716,0.9879759519038076,0.9593952483801296,0.07593292555241243
97.35966735966736,0.9728439517092995,0.9883346741753821,0.9578313253012049,0.07235653727845891
97.38045738045739,0.9728107624799018,0.99117529081428,0.955114372032801,0.07118471663855713
97.4012474012474,0.9729265701929078,0.99122106943336,0.9552951388888888,0.07128405570655334
97.31808731808732,0.9724271636096178,0.9906580016246954,0.954855195911414,0.0695817580946146
97.13097713097713,0.970291404832786,0.9887775551102205,0.9524838012958964,0.07267287476394875
97.11018711018711,0.9695414435663264,0.9897838899803536,0.9501103752759382,0.07625717709224338
97.81704781704782,0.977483732056146,0.9927360774818402,0.9626929674099486,0.05461695588613994
97.11018711018711,0.9699636172385265,0.9876935291782454,0.952859013531209,0.07626958582801996
96.96465696465697,0.9684450413215014,0.9884185303514377,0.9492627927146574,0.07665216757565972
97.04781704781705,0.9702238422312897,0.9891304347826086,0.9520264681555004,0.07749056440338555
97.44282744282744,0.9737861506300813,0.986016779864163,0.9618552232336367,0.07579090102283349
97.25571725571726,0.971565407899064,0.9895833333333334,0.9541918755401901,0.07222393473161079
97.67151767151768,0.9760899893970679,0.9926739926739927,0.9600509987250319,0.06191659852951424
97.38045738045739,0.9730262181405465,0.9906882591093117,0.955982905982906,0.06959158058680996
97.0893970893971,0.9701487163958744,0.9890065146579805,0.9519966015293118,0.0786110437957264
97.33887733887734,0.9725591676101139,0.9891435464414958,0.9565217391304348,0.074160504518677
97.04781704781705,0.9690372115829273,0.9900872323552736,0.9488636363636364,0.08451410553780477
96.94386694386695,0.9682082640066182,0.989191353082466,0.9480968858131488,0.08128403200924768
97.4012474012474,0.9727574724770462,0.9897798742138365,0.9563106796116505,0.07198396668935934
97.4012474012474,0.973147109434204,0.9876739562624255,0.9590413943355119,0.07355094213743468
97.58835758835758,0.9750725930955899,0.9877470355731225,0.9627192982456141,0.062382881475802274
97.5051975051975,0.9742416344233455,0.9907444668008049,0.9582795698924731,0.06765176440517005
97.42203742203742,0.9734064605424141,0.9884046381447421,0.9588566478995236,0.07968423819351407
97.44282744282744,0.9731472940597924,0.9936229573535273,0.9534984789222077,0.07048818555790273
97.23492723492724,0.9714505588664663,0.9887550200803212,0.9547413793103449,0.08095120574984692
97.85862785862786,0.9781369546470938,0.9914460285132383,0.9651804670912951,0.0597634867263528
97.1933471933472,0.9708873660647207,0.9923170238576627,0.9503637141634574,0.07787649108255727
96.88149688149689,0.9676896592259954,0.991873222267371,0.94465730097914,0.08106680746014054
97.4012474012474,0.9731239432459183,0.9923139158576052,0.9546621043627032,0.07113949417944014
97.42203742203742,0.9734798717480578,0.9872153415900919,0.9601213697442567,0.08015818018543683
97.67151767151768,0.9759292238754524,0.9919549477071601,0.9604130808950087,0.06369524648632824
97.06860706860707,0.9695300499221237,0.9888223552894212,0.9509761388286334,0.08100255228532575
97.6923076923077,0.9763198427003114,0.991876523151909,0.9612436115843271,0.0651098156173611
97.33887733887734,0.9724241588227678,0.9884600079586152,0.95690030474532,0.07440232916371103
97.44282744282744,0.9731273842204714,0.9901960784313726,0.9566371681415929,0.06921636459554145
97.1933471933472,0.970586541667764,0.9897273804820229,0.9521720052654673,0.07486219194537637
97.6923076923077,0.9763660299271503,0.9883487344314986,0.964670400689358,0.0652938491403437
97.13097713097713,0.9704835850007593,0.988673139158576,0.9529512403763901,0.06893215808328125
97.4012474012474,0.9729433777418308,0.9904458598726115,0.9560487380330722,0.07206217174520164
97.67151767151768,0.975966414252017,0.9900039984006398,0.9623213512343005,0.06623037938888256
97.13097713097713,0.9709271487816599,0.9916666666666667,0.9510373443983402,0.08467421306455954
97.79625779625779,0.9772549019607842,0.9892814608971814,0.9655172413793104,0.06509774388927432
97.21413721413721,0.9710578614340865,0.9873417721518988,0.9553023663453112,0.07934925808356358
97.27650727650727,0.9716492266419697,0.9900358708648864,0.9539330725771403,0.07401651016391984
97.73388773388774,0.9767619931756093,0.9895330112721417,0.9643164230438521,0.06838175210946389
97.56756756756756,0.9751505714265445,0.989430894308943,0.9612765957446808,0.06927872590552202
97.15176715176715,0.9703293616266885,0.9884966283220944,0.9528178243774574,0.07388773437225397
97.27650727650727,0.971565444360981,0.9896948077685296,0.9540883253170092,0.06726631436675105
97.56756756756756,0.9753295970374384,0.9873262469337695,0.9636209813874789,0.07362211372419174
97.60914760914761,0.9751504533778991,0.9912315663611,0.9595827900912647,0.0630358425253642
97.23492723492724,0.9713312984373156,0.9911397503020539,0.9522990975504942,0.07311889394079944
97.56756756756756,0.9752335420125657,0.9901679639492011,0.9607429295061207,0.06934391999559858
97.23492723492724,0.9713441131191594,0.9899678972712681,0.9534081104400345,0.0774210842996216
96.98544698544698,0.9689544685936152,0.9914250714577378,0.9474798814061838,0.0777116896147044
97.17255717255718,0.9710375572277583,0.9870497774180493,0.9555365540829415,0.07409887950782221
96.98544698544698,0.968924083137038,0.9878983461073013,0.9506649506649507,0.08145710032417781
97.46361746361747,0.973846957003491,0.9926888708367181,0.9557069846678024,0.07117520249032429
97.23492723492724,0.9712185368452909,0.9885057471264368,0.9545255793616091,0.0775779612389492
97.65072765072765,0.9757273533820785,0.991556091676719,0.9603960396039604,0.06258979091409152
97.73388773388774,0.9766556021691766,0.9915356711003628,0.9622155431515672,0.06375646948148332
97.52598752598753,0.9743537638649656,0.9892729439809297,0.9598778892280855,0.07430920801483668
97.29729729729729,0.971943013079596,0.9903884661593912,0.9541720709035885,0.0782048212732198
97.75467775467776,0.9768916436081903,0.9919191919191919,0.9623126338329765,0.05922819094116685
97.5051975051975,0.9741214423781911,0.9904191616766467,0.958351409978308,0.06877430536746233
97.48440748440748,0.9740164397085855,0.9899719213798637,0.9585671126456625,0.07461060751344488
97.35966735966736,0.9723951575379095,0.9901107594936709,0.9553023663453112,0.07605531943687034
97.25571725571726,0.9716018746313154,0.9907295445384925,0.9531987977672821,0.07250754291389191
97.60914760914761,0.9751580021906987,0.992776886035313,0.9581535806729939,0.06752531076713685
97.0893970893971,0.9698887191017647,0.9910931174089069,0.9495726495726495,0.08061316864537908
97.13097713097713,0.9706356561207162,0.9909725071809602,0.9511167298777918,0.07717832203125756
97.4012474012474,0.9732536923961705,0.9887414555689585,0.9582436504520018,0.06894011346317379
97.33887733887734,0.9728110510609584,0.988599348534202,0.9575191163976211,0.06723710384738792
97.0893970893971,0.9697876655929972,0.9876641464385197,0.9525468001741402,0.08014121757565636
96.94386694386695,0.9684453255990318,0.9890820865345734,0.9486521181001284,0.07919598526371935
97.1933471933472,0.9711517013875774,0.9875100725221595,0.9553264604810997,0.07552986152532071
97.54677754677755,0.9748182665424043,0.9887323943661972,0.9612903225806452,0.07007684595495649
96.79833679833679,0.966615295289842,0.9869099563665212,0.947138488422892,0.08719732924025668
97.46361746361747,0.9736967285221633,0.990023942537909,0.9578993055555556,0.06981895813738019
97.92099792099792,0.9782596196232007,0.990632318501171,0.9661921708185054,0.0565608522895406
97.73388773388774,0.9762240913547162,0.99249901302803,0.9604743083003953,0.063414003081976
97.58835758835758,0.9752951963316193,0.9849742981415579,0.9658044717229285,0.07006438684807326
97.38045738045739,0.9731028945709417,0.9886960032297134,0.9579939991427346,0.06391284689229763
97.1933471933472,0.9707981049929904,0.9896290386916633,0.9526704298740772,0.07732553285725217
97.33887733887734,0.9726961759134258,0.9875151026983487,0.9583154275891707,0.07258653192008359
97.73388773388774,0.9764056133997284,0.990521327014218,0.9626865671641791,0.06907758695872601
97.33887733887734,0.9726277414450021,0.9898826386078511,0.9559640872167593,0.07299336144727754
97.31808731808732,0.9720412754464899,0.988928430209569,0.9557211749232792,0.07453907438226648
97.54677754677755,0.974706709256097,0.989191353082466,0.9606401384083045,0.06144084929720462
97.60914760914761,0.9755477739206454,0.9898497766950873,0.9616531742650192,0.07023064417923315
97.29729729729729,0.9718290894946291,0.9915966386554622,0.9528342708784077,0.07293698647351869
97.79625779625779,0.9773982254512495,0.9903225806451613,0.9648068669527897,0.06460844179124789
97.60914760914761,0.9754170605103505,0.9911003236245954,0.9602224123182207,0.0665949030192627
97.33887733887734,0.9725148998483958,0.9865239793896156,0.9588981198076082,0.07101683313658233
97.27650727650727,0.9717129426297741,0.9907778668805133,0.9533678756476683,0.07809904918438618
97.6923076923077,0.9765058464548568,0.9874544718737354,0.9657973492945703,0.06883549336460176
97.46361746361747,0.973800074397442,0.9876886417791898,0.9602966841186736,0.07061471397564466
97.29729729729729,0.9722291424951419,0.9883017345703913,0.9566709566709567,0.07270261641909327
97.38045738045739,0.9729527885586026,0.9884092725819345,0.9579722703639515,0.073473364104693
97.42203742203742,0.973788196700359,0.9901234567901235,0.957983193277311,0.07090763048483775
97.1933471933472,0.9708234992711093,0.9884737678855325,0.953792502179599,0.07382470710113985
97.65072765072765,0.9755968657817832,0.9875097580015613,0.9639679715302492,0.06937887643671085
97.48440748440748,0.9738261616770971,0.99122106943336,0.95703125,0.07051883024665026
97.48440748440748,0.9740419837199314,0.9907332796132151,0.9579037800687286,0.06680730413442203
96.5904365904366,0.9644259122461064,0.9864864864864865,0.9433304272013949,0.08689795910320758
97.77546777546777,0.9764342735119415,0.9937254901960785,0.9597345132743362,0.06601717252179733
97.29729729729729,0.9722452827233258,0.9871382636655949,0.9577950043066322,0.06925573446216708
97.35966735966736,0.9722092757107232,0.9898238747553816,0.955210643015521,0.0743922774017771
97.33887733887734,0.9725053345361107,0.988791032826261,0.9567474048442907,0.0737847537843616
97.42203742203742,0.973686234123629,0.9889930697105584,0.958845990666101,0.07528000224942948
97.46361746361747,0.9740229851174055,0.9890599675850892,0.9594363791631084,0.07316842921369515
97.48440748440748,0.9741967659435505,0.9918433931484503,0.957167090754877,0.06655674864559312
97.75467775467776,0.9772331793468888,0.9913402061855671,0.9635220125786164,0.058261388453525215
97.15176715176715,0.9702239794373325,0.988928430209569,0.9522139412538361,0.07328262432340897
97.33887733887734,0.97294551721821,0.9857607811228641,0.9604591836734694,0.08368924536844284
97.46361746361747,0.9734980722246583,0.9908838684106223,0.9567118495846086,0.06734132232868621
97.71309771309771,0.9767722911419514,0.9905544147843942,0.9633684210526315,0.06407544864399703
97.06860706860707,0.9695478434093145,0.9888134238913304,0.9510186389250108,0.07297754864089323
97.65072765072765,0.9755835489690791,0.9897233201581027,0.9618421052631579,0.06769065527930825
97.1933471933472,0.9708278312523435,0.9877179080824089,0.9545056867891514,0.06972520041887953
97.46361746361747,0.9736967285221633,0.990023942537909,0.9578993055555556,0.07806702526015173
97.42203742203742,0.9731760173368648,0.98671875,0.96,0.06726048473837996
97.46361746361747,0.9732187952126503,0.9928966061562746,0.9543057996485061,0.07069033624656622
97.15176715176715,0.9705216373935251,0.9883907125700561,0.9532871972318339,0.08002831174870043
97.56756756756756,0.9753709220635487,0.9917046868519287,0.9595664860358483,0.06644746625859856
97.62993762993763,0.9757320675090532,0.9922417313189057,0.9597628123676408,0.07155069503119978
97.29729729729729,0.9717809920389647,0.9904610492845787,0.953792502179599,0.06914100507666356
97.0893970893971,0.9701053388777602,0.985553772070626,0.9551337359792925,0.07465604683328633
97.46361746361747,0.9737968826627433,0.9907444668008049,0.9574193548387097,0.06846559713037952
97.48440748440748,0.9742335713347782,0.9886777193691872,0.9602053915275995,0.0719556868448079
97.65072765072765,0.9757126898312961,0.9892644135188867,0.9625272331154684,0.06660346026196418
97.54677754677755,0.9742557928559745,0.9909520062942565,0.9581128747795414,0.06286527647824644
97.35966735966736,0.9727515504096497,0.9914979757085021,0.9547008547008548,0.0731701453191203
97.6923076923077,0.9760579046319112,0.9919967987194878,0.9606231068801385,0.060631624639437005
97.17255717255718,0.9708529637261692,0.9902755267423015,0.9521776259607173,0.07550715701402845
97.54677754677755,0.9743972500789746,0.9864917020455423,0.9625957638575935,0.06934141250880989
97.27650727650727,0.9718749206527391,0.9872459147070546,0.9569752281616688,0.07116427352339012
97.79625779625779,0.9770878949014702,0.9912733042443475,0.963302752293578,0.0722771668875408
97.29729729729729,0.971720582471585,0.9893533123028391,0.9547053649956024,0.07559052771441406
97.38045738045739,0.972670113743559,0.9893322797313315,0.9565598946906538,0.07565948071922494
97.54677754677755,0.9743652951677144,0.9879377431906615,0.9611607142857143,0.07085514139236879
97.33887733887734,0.9730189596067901,0.9876593994241053,0.9588062211013031,0.07383724636012948
97.98336798336798,0.9790690826671021,0.994770716009654,0.963855421686747,0.054338297518522025
97.46361746361747,0.9739375780797717,0.9922575387123065,0.9562818336162988,0.07578967286335796
97.31808731808732,0.9721493154350226,0.9900119856172593,0.9549198092761162,0.07164174567389141
97.42203742203742,0.9733270785078332,0.9927154997976527,0.9546814878153057,0.06831428246698952
97.6923076923077,0.9761712669631714,0.9911682055399438,0.9616213885295386,0.06357701630125549
97.33887733887734,0.972203142451575,0.9931809065383073,0.9520932239965473,0.07151389701772101
97.006237006237,0.9693640057022576,0.9901518260155929,0.9494310998735778,0.07689647332546369
97.60914760914761,0.9748938998277609,0.9898595943837754,0.9603739982190561,0.07081743766895685
97.46361746361747,0.974036517639538,0.9890510948905109,0.9594709897610921,0.070871952401918
97.46361746361747,0.9739393362423822,0.9898908208653457,0.9584937954642704,0.06990166540081437
96.98544698544698,0.9686404607860836,0.9899719213798637,0.9482088908070782,0.08354318107937204
97.1933471933472,0.9709058496942201,0.9888089528377298,0.9536395147313691,0.0756344411452446
97.58835758835758,0.9752424255266405,0.9918666124440829,0.9591663122075712,0.06250498541293176
97.27650727650727,0.9716844064538664,0.988875645609853,0.9550806803314436,0.0725680669640886
97.5051975051975,0.9740347735174668,0.9916134185303515,0.9570685169124025,0.06904853435577883
97.1933471933472,0.970974261364244,0.9891566265060241,0.9534482758620689,0.07912530987339556
97.25571725571726,0.971261326110984,0.9897314375987362,0.9534679543459175,0.07628183073643498
97.33887733887734,0.9722836463112302,0.9904382470119522,0.9547826086956521,0.07533827334166342
97.29729729729729,0.9718029598494132,0.9893111638954869,0.9549036777583187,0.07610813185917271
97.54677754677755,0.9748778774624053,0.9910386965376782,0.9592356687898089,0.06916430595325085
97.65072765072765,0.9759280748115572,0.9891129032258065,0.9630901287553648,0.0652370799201194
97.48440748440748,0.9736335370517759,0.9905474596297755,0.9572875385292823,0.0710713995469583
97.48440748440748,0.9737035323235139,0.9928143712574851,0.9553145336225597,0.06706558158020963
97.42203742203742,0.9734892267646691,0.9879663056558363,0.9594302977988779,0.06969781846832775
97.85862785862786,0.9780436051137871,0.9926829268292683,0.9638297872340426,0.06096773254017107
97.60914760914761,0.9753371476653031,0.9919224555735057,0.9592973436161096,0.07191754978040249
97.42203742203742,0.9731136702826721,0.9885916601101495,0.9581128747795414,0.07318673480477324
97.44282744282744,0.9733781079469601,0.9904534606205251,0.9568815331010453,0.07674361459694012
97.31808731808732,0.9725008826874966,0.9882686084142395,0.9572284003421728,0.07401386543938003
97.52598752598753,0.9747576432188884,0.9897959183673469,0.9601694915254237,0.06610066209166561
97.71309771309771,0.9767863653257349,0.9909465020576131,0.9630252100840336,0.06480428007428272
97.35966735966736,0.9723634603116437,0.9893742621015348,0.9559277214631996,0.06987514674369238
97.1933471933472,0.9707632955631436,0.9896455595380327,0.9525880817746847,0.06996174308601108
97.1933471933472,0.970875773442067,0.9895916733386709,0.9528546712802768,0.07797387554048872
96.88149688149689,0.9680999980706941,0.9853896103896104,0.9514066496163683,0.08387822277556907
97.44282744282744,0.973198216220291,0.9897879025923016,0.9571554770318021,0.07276631221330092
97.4012474012474,0.9727826818458634,0.9912802219579865,0.954962833406209,0.06830999119489951
97.5051975051975,0.9745963587097172,0.9905582922824302,0.9591406908171862,0.07073113399087268
97.21413721413721,0.9714386867765955,0.9894179894179894,0.9541011474713132,0.07001456175650046
97.44282744282744,0.973488234071489,0.9907852564102564,0.9567847882454624,0.06412758177998011
97.23492723492724,0.9717480016288825,0.987012987012987,0.9569479965899403,0.0770681938570837
97.46361746361747,0.9735914590382446,0.9893238434163701,0.9583516001753617,0.06858766069500213
97.60914760914761,0.9753395275998785,0.988835725677831,0.9622067767158993,0.06700653973463419
97.73388773388774,0.9768962478100105,0.9898249898249898,0.964300892477688,0.07243162249515062
97.71309771309771,0.9763778535679567,0.989268680445151,0.9638186573670444,0.06286034793622033
97.21413721413721,0.9709283856342832,0.9900556881463802,0.9525261324041812,0.07863306262909886
97.67151767151768,0.9760162108186126,0.9927036886907175,0.9598804950917627,0.06117620916026422
97.23492723492724,0.971635975304522,0.9890377588306942,0.9548359608010226,0.07484462433407497
97.87941787941789,0.9780196238056472,0.9920191540303273,0.9644097222222222,0.05352129411424768
97.35966735966736,0.9724018438864023,0.9878716744913928,0.9574090505767524,0.08031935506111124
97.15176715176715,0.970648174741987,0.9887051230334812,0.9532389532389532,0.07578003305279632
97.02702702702703,0.9692375164463378,0.9891304347826086,0.9501289767841788,0.07792522644378698
97.44282744282744,0.9733859855435646,0.990449661758854,0.95690030474532,0.06916656033389777
97.48440748440748,0.974241920850531,0.9910277324632952,0.9580152671755725,0.06757571139603295
97.42203742203742,0.9731018207382346,0.9916267942583732,0.9552562988705473,0.07971357952439363
97.46361746361747,0.9739055535195302,0.991873222267371,0.9565772669220945,0.06647948158010376
97.04781704781705,0.9694648600219168,0.9887414555689585,0.9509255273353422,0.07472527141212301
97.02702702702703,0.9689657451890866,0.990023942537909,0.9487847222222222,0.07588698342907206
96.86070686070686,0.9675848484794272,0.9856,0.9502164502164502,0.07998185108871762
97.60914760914761,0.9752603889326715,0.9907926341072858,0.9602076124567474,0.06506114783454803
97.71309771309771,0.9764136657276057,0.9939098660170523,0.9595227950575203,0.0632187453708505
97.33887733887734,0.9729432706997114,0.9861507128309572,0.9600849256900212,0.06646281675030932
97.58835758835758,0.9748217733121931,0.9901458415451321,0.9599648042234932,0.0731337391831641
97.60914760914761,0.9751565197650743,0.9923878205128205,0.958513396715644,0.06789135699389537
97.48440748440748,0.9739661082453245,0.9877324891175306,0.9605781865965834,0.07362925261931613
97.5051975051975,0.9743030687220042,0.9887820512820513,0.9602420051858254,0.07168246956992064
97.48440748440748,0.9738520281613666,0.988928430209569,0.9592284085927225,0.07569888746656338
97.25571725571726,0.9714942204363575,0.9903884661593912,0.953307392996109,0.07402387444015104
97.60914760914761,0.9755528131011404,0.988292289059346,0.9631375910844406,0.07089633863427039
97.60914760914761,0.9750413241477242,0.9939879759519038,0.9568034557235421,0.06421287188658843
97.17255717255718,0.9711009746005633,0.9885714285714285,0.9542372881355933,0.08233211304645854
97.15176715176715,0.9704293270451504,0.9869358669833729,0.9544658493870403,0.08065086727547546
97.27650727650727,0.971963451703662,0.9898826386078511,0.9546814878153057,0.06816801477259697
96.98544698544698,0.9689741031412145,0.9882591093117409,0.9504273504273504,0.08136546550678736
97.71309771309771,0.9762464162327573,0.9904837430610627,0.9624125874125874,0.07222424552789473
97.0893970893971,0.9694959750269306,0.9908512330946698,0.9490418118466899,0.07698942659879704
97.73388773388774,0.9769877383200459,0.9901558654634947,0.9641652613827993,0.06959363263944578
97.44282744282744,0.9741852469179394,0.989202657807309,0.9596169858451291,0.06641069526499498
97.1933471933472,0.9710915000997975,0.9875502008032129,0.9551724137931035,0.0777011527402981
97.71309771309771,0.9760118502950592,0.9932593180015861,0.9593531468531469,0.06696937082842642
97.44282744282744,0.9736364032393285,0.9884,0.9593073593073593,0.06848291464908951
97.58835758835758,0.9740889993998114,0.9923136049192929,0.9565217391304348,0.07307233127788108
97.33887733887734,0.9720159623935014,0.9883313885647608,0.9562304600267977,0.0741786285696344
97.42203742203742,0.9729368239038813,0.9909305993690851,0.955584872471416,0.07245775919384372
97.44282744282744,0.974046928406614,0.9892960065870728,0.9592608147837043,0.08073155436386004
97.13097713097713,0.9703338169917066,0.9895287958115183,0.9518693596905887,0.07079369783065191
97.006237006237,0.9694097175173475,0.9901315789473685,0.9495374264087468,0.08058311937845422
97.44282744282744,0.9734213170961088,0.9896702423520064,0.9576973397296119,0.07083856761450695
97.11018711018711,0.9702935138414431,0.9863398955403777,0.9547608789314951,0.0830719982539139
97.77546777546777,0.9772721380785453,0.991045991045991,0.9638759031024224,0.05750739941849778
98.04573804573805,0.9798327618168654,0.9908585055643879,0.9690496948561464,0.06064568874493954
97.4012474012474,0.9733640045473924,0.9910277324632952,0.9563189143341815,0.0710936090213841
97.23492723492724,0.9714769331461538,0.9930668841761827,0.9508057675996607,0.0704666361987219
97.6923076923077,0.9760749910429612,0.9904534606205251,0.9621080139372822,0.06830423917764654
97.58835758835758,0.9751903929329608,0.9891653290529695,0.9616048317515099,0.07271188803582516
97.58835758835758,0.9747711420807678,0.9901729559748428,0.9598411297440423,0.06537058363492425
97.04781704781705,0.9692749658002736,0.9865771812080537,0.9525691699604744,0.07821127990504684
97.23492723492724,0.9714778076776837,0.9860834990059643,0.9572984749455338,0.07757059196455562
97.1933471933472,0.9707484166950893,0.9904191616766467,0.9518438177874187,0.0809508949541741
97.77546777546777,0.9768296609575645,0.9912905779889153,0.962784588441331,0.06529111365270714
97.62993762993763,0.9756238650264728,0.988791032826261,0.96280276816609,0.06171515866844932
97.29729729729729,0.9723644486811412,0.986661277283751,0.9584760273972602,0.0760394610185757
97.46361746361747,0.9736131411831294,0.9931617055510861,0.9548192771084337,0.0682380605798811
97.35966735966736,0.9725760879547072,0.9907926341072858,0.9550173010380623,0.07759726939252394
97.31808731808732,0.9724108580994432,0.9906655844155844,0.9548167092924126,0.07482719280119993
97.11018711018711,0.9701870165216645,0.9852941176470589,0.955536181342633,0.07907792699645252
97.38045738045739,0.9726546614279349,0.9900950871632329,0.9558180227471567,0.07510247650476881
97.06860706860707,0.9691266392387523,0.9890153001176932,0.9500221141088014,0.07746574249832064
96.96465696465697,0.968622949003604,0.9871743486973948,0.9507559395248381,0.08243731704589924
97.58835758835758,0.9749861851899911,0.9919775371038909,0.9585671126456625,0.06741722589804018
97.71309771309771,0.976168769018903,0.9928172386272945,0.9600694444444444,0.05894953009368476
97.42203742203742,0.9738031638932791,0.9893136046033704,0.958771560790913,0.08049579029450224
97.5051975051975,0.9742326057298772,0.9903614457831326,0.9586206896551724,0.07250633126980549
97.0893970893971,0.9702341533799613,0.9843058350100604,0.9565591397849462,0.08384197839887349
97.42203742203742,0.9733469572097104,0.9880668257756563,0.9590592334494773,0.07525068316415046
97.56756756756756,0.9743684025719782,0.990632318501171,0.9586298932384342,0.06466959249886554
97.4012474012474,0.9733648093306604,0.9845176657403731,0.9624618070711479,0.07549250664619299
97.5051975051975,0.9736785809024241,0.990632318501171,0.9572953736654805,0.0722868401084769
97.27650727650727,0.9718039822822852,0.989191353082466,0.9550173010380623,0.07648706343683284
97.35966735966736,0.9731126582895863,0.9881487535758071,0.9585272958104105,0.07137964055873454
97.15176715176715,0.9708790290186085,0.9832067173130747,0.9588566478995236,0.07575276321528204
97.44282744282744,0.9735330651765962,0.9899919935948759,0.9576124567474048,0.06999948819346044
97.54677754677755,0.9747675180207925,0.9899234179766223,0.9600686990124517,0.06816562760763864
97.0893970893971,0.9692149047804189,0.9913317572892041,0.9480633802816901,0.07870979940290262
97.31808731808732,0.9717110213218303,0.9905882352941177,0.9535398230088495,0.07175880661563418
97.42203742203742,0.9736291810198959,0.9852059176329468,0.9623213512343005,0.0721028093879814
97.46361746361747,0.9738083339316574,0.9899638699317543,0.9581716257007331,0.07270302077500719
96.98544698544698,0.9694026491330978,0.986013986013986,0.9533417402269861,0.07934860382035468
97.23492723492724,0.971192756962704,0.9908073541167066,0.9523396880415944,0.07231579296670373
97.38045738045739,0.9730983975056196,0.9902597402597403,0.9565217391304348,0.07579734345235845
97.5051975051975,0.9743124510668969,0.9911003236245954,0.9580838323353293,0.06616816218112732
97.71309771309771,0.9767045877148554,0.9886317498984978,0.9650617809970174,0.0667052261950787
97.56756756756756,0.9749358594829287,0.9891870244293152,0.9610894941634242,0.07020721569689516
97.46361746361747,0.973363191964882,0.9913214990138067,0.9560439560439561,0.07392832554989105
97.4012474012474,0.9733173745618175,0.9918433931484503,0.955470737913486,0.07197576610205923
97.54677754677755,0.9744368674961007,0.990487514863258,0.9588981198076082,0.06956179937269837
97.11018711018711,0.9695734974976749,0.9886497064579256,0.9512195121951219,0.07380072285954621
97.46361746361747,0.974450595745964,0.9891666666666666,0.9601659751037345,0.06807817466955887
97.81704781704782,0.976999571474602,0.9933097205824478,0.9612163948876157,0.055757851296626304
97.94178794178794,0.9788185073250284,0.9943135662063363,0.9637989778534923,0.06155830665291606
97.48440748440748,0.9738176372365687,0.9893238434163701,0.958790004384042,0.07174782370267486
97.65072765072765,0.9757614019810603,0.9870027569909413,0.9647732276530163,0.06597065523483649
97.60914760914761,0.9753587647963702,0.9907407407407407,0.9604471195184867,0.06651621637386686
97.62993762993763,0.9756462690022377,0.9891566265060241,0.9625,0.06599521298661418
97.58835758835758,0.9753592650081955,0.990224032586558,0.9609341825902336,0.06842140002861588
97.54677754677755,0.9748259851322351,0.9914599430662872,0.9587409612930667,0.06993053711315698
97.27650727650727,0.9719013212114762,0.9906957928802589,0.9538066723695466,0.07156511866458519
97.73388773388774,0.9762893939924179,0.9909591194968553,0.9620476610767873,0.06838682440308982
97.33887733887734,0.9724685129796916,0.9895791583166332,0.9559395248380129,0.06738418570972336
97.21413721413721,0.9714396014970571,0.9874646178730287,0.9559264013692769,0.07103567103818524
97.42203742203742,0.9730949852570498,0.987866927592955,0.9587583148558758,0.07212106306686719
97.33887733887734,0.9725667270463179,0.9891391794046661,0.9565404475043029,0.06972646434131134
97.29729729729729,0.9719085498136507,0.9881235154394299,0.9562171628721541,0.07403980072378616
97.29729729729729,0.9724982167329125,0.9873314262362076,0.958104104951333,0.07132142782211304
97.23492723492724,0.9714326554058378,0.9876198083067093,0.955767562879445,0.07944659147945982
97.46361746361747,0.9742414025623736,0.988911704312115,0.96,0.07055272736321368
97.52598752598753,0.9743642200190344,0.9896455595380327,0.9595476294040888,0.07056205652328885
97.60914760914761,0.9750789189765174,0.9920318725099602,0.9586956521739131,0.06406095520803307
97.77546777546777,0.9771641297212751,0.994281045751634,0.9606265876375952,0.06562576661287689
97.21413721413721,0.9711387519390999,0.9927036886907175,0.9504908237302604,0.06791889901162104
97.1933471933472,0.9712583533056057,0.9890020366598778,0.954140127388535,0.0830118845776498
97.31808731808732,0.9717532942246313,0.9920886075949367,0.9522348816827344,0.07367232508779253
97.75467775467776,0.9761644369710797,0.9918667699457785,0.9609515260323159,0.06647362397308897
97.21413721413721,0.9713813338383945,0.9902359641985354,0.9532312925170068,0.07359169512026771
97.54677754677755,0.9744998038446451,0.99122106943336,0.9583333333333334,0.06482120103814122
97.13097713097713,0.9692898554331233,0.992583918813427,0.9470640569395018,0.07761324577153565
97.1933471933472,0.9716415540821495,0.9879618098796181,0.9558517284464806,0.07470166510495739
97.1933471933472,0.9707799696509863,0.9877470355731225,0.9543859649122807,0.07997508622742724
97.4012474012474,0.9732480162825639,0.9891304347826086,0.9578675838349097,0.06703863778377142
97.5051975051975,0.9747016426175518,0.9873054873054873,0.9624155405405406,0.065426540130441
97.29729729729729,0.971527641244705,0.9887115609186454,0.9549308344489067,0.07670033682816797
97.42203742203742,0.9735632982577233,0.9882970137207425,0.95926243567753,0.07059602127645162
97.44282744282744,0.9736928430708177,0.9902951880307319,0.9576379974326059,0.07266380960071409
97.11018711018711,0.9704095683097184,0.9881969881969882,0.953251168720782,0.08352518274932852
97.33887733887734,0.9721092662712292,0.9901380670611439,0.9547252747252747,0.07115877896485358
97.48440748440748,0.9741216818935934,0.9910858995137763,0.9577284372331341,0.06960803933612027
96.9022869022869,0.967743632599231,0.9876690533015116,0.9486062717770035,0.0826811032274858
97.48440748440748,0.9740661238676385,0.9891740176423416,0.959412780656304,0.07520020918878542
97.58835758835758,0.975231067784619,0.9872408293460925,0.9635099913119027,0.07526345815346915
97.96257796257797,0.9789256334477859,0.9897476340694006,0.9683377308707124,0.06051338306026003
97.42203742203742,0.973341303048416,0.9888268156424581,0.9583333333333334,0.07617960807784091
97.60914760914761,0.9750947869593186,0.9908766362554542,0.9598077763215378,0.06778200560727635
97.60914760914761,0.9753533784610211,0.9911326078194277,0.9600686990124517,0.06952781418257097
97.27650727650727,0.9716158904236086,0.9896702423520064,0.9542084605320541,0.0728825708674538
97.27650727650727,0.971542540149647,0.9871043376318874,0.9564637938693914,0.07434229976003855
97.92099792099792,0.9783321240289085,0.9913317572892041,0.965669014084507,0.061265082710002416
97.46361746361747,0.9731273327153742,0.9929245283018868,0.9541041482789056,0.06948062504434536
97.15176715176715,0.9707030080013692,0.9867469879518073,0.9551724137931035,0.07944678296169716
97.4012474012474,0.9729811151439399,0.9892857142857143,0.9572052401746725,0.07575392266948419
97.48440748440748,0.9735448623772677,0.9917192429022083,0.9560246262093228,0.06674283186512033
97.35966735966736,0.9729732420544556,0.9878591663294213,0.9585292860196665,0.07447506577210218
97.67151767151768,0.9761199954984852,0.9902951880307319,0.9623448866067608,0.06227026789636969
97.46361746361747,0.9733882360398545,0.9913112164296999,0.9561018437225637,0.0667578026126894
97.17255717255718,0.9707781632431483,0.9883720930232558,0.9537996545768567,0.08034585108690104
97.77546777546777,0.9769467570515175,0.9908475925189018,0.9634305616020897,0.06304066101100737
97.44282744282744,0.9733026257313038,0.9912524850894632,0.9559912854030501,0.06841478301744652
97.11018711018711,0.9704257525668543,0.9854721549636803,0.9558319039451115,0.07057783384952625
97.21413721413721,0.970671464080856,0.9897919120533961,0.9522757401679187,0.075276221895664
96.83991683991684,0.967366496947597,0.9863563402889246,0.9490940465918896,0.08074939118871531
97.15176715176715,0.9708020797893849,0.9886178861788618,0.9536170212765958,0.07774997594884428
97.29729729729729,0.9717660930540368,0.9889546351084813,0.9551648351648352,0.0743256857177231
97.46361746361747,0.9739726538222498,0.99026369168357,0.9582089552238806,0.07484846872252388
97.33887733887734,0.9722498667219655,0.9923847695390782,0.9529157667386609,0.07012370454049195
97.67151767151768,0.9761412440337167,0.9922543823889115,0.9605430632159525,0.06801648804167161
97.25571725571726,0.9717871911497049,0.98714859437751,0.9568965517241379,0.07769651486075593
97.77546777546777,0.9769394334827364,0.9904724096863835,0.9637712789175032,0.059796261644908644
97.46361746361747,0.9737154258814958,0.9892515923566879,0.9586597040905135,0.07332073207983356
97.6923076923077,0.9763421844221274,0.9906844876468206,0.9624092268261427,0.05741247077561574
96.96465696465697,0.9683636440356133,0.9888401753686727,0.9487179487179487,0.08347819179234535
97.56756756756756,0.9741177906704689,0.991112828438949,0.9576957695769577,0.07245160419021475
97.81704781704782,0.9768086438209944,0.9952774498229043,0.9590127809607757,0.056557606529297304
97.15176715176715,0.970744542069578,0.9844559585492227,0.9574098218166015,0.07771892376948852
97.29729729729729,0.9722033135975924,0.9894822006472492,0.9555175363558597,0.07043870678965367
97.46361746361747,0.9739653031882443,0.9868052778888444,0.9614551754006063,0.07177971389895912
97.46361746361747,0.9731766628247337,0.9913961673836528,0.9556147359076786,0.07464363002392566
97.0893970893971,0.9696489746137619,0.988875645609853,0.951155691234191,0.07883870866838959
96.79833679833679,0.9673038011905898,0.9900949236483698,0.9455383326351068,0.07789468311698887
97.48440748440748,0.9736252780612354,0.9924543288324067,0.9554973821989529,0.06955048839664262
97.62993762993763,0.9752246465264753,0.9894324853228963,0.9614190687361419,0.06809602666049885
97.54677754677755,0.9745533046752692,0.9878000787091696,0.9616571176729837,0.06815077329128051
97.4012474012474,0.9726882170331332,0.9905623279591034,0.9554477282752536,0.07063742154539251
97.35966735966736,0.9727540563001366,0.9876346230554448,0.958315240990013,0.07546041817588271
97.25571725571726,0.9715961531781173,0.9891826923076923,0.9546240276577356,0.07406642164174843
97.77546777546777,0.9769459250287842,0.9900911613158938,0.9641451683428072,0.06283979953698457
97.54677754677755,0.9748599506367687,0.9902597402597403,0.9599317988064792,0.06845022735624959
97.5051975051975,0.9734970431509429,0.9889058913542463,0.9585610200364298,0.0701908790318609
96.88149688149689,0.9673361713406629,0.9885148514851485,0.9470459518599562,0.08080800993836595
97.04781704781705,0.9696644624644888,0.9894222945484134,0.9506802721088435,0.07831688216353018
97.13097713097713,0.9707698104767394,0.988109881098811,0.954027836355968,0.08322247051580164
97.23492723492724,0.9706022785921996,0.9906614785992218,0.9513392857142857,0.07386827360133867
97.52598752598753,0.9748050375024081,0.9885807504078303,0.9614079728583546,0.06581750877914087
97.75467775467776,0.9767901517141829,0.9923572003218021,0.9617039586919105,0.0681572708605233
97.44282744282744,0.9737364642904919,0.9894907033144705,0.9584760273972602,0.07159016026919833
97.62993762993763,0.9758119935124203,0.9878738884397736,0.964041095890411,0.06029698096386112
96.86070686070686,0.967398012514856,0.9868525896414343,0.948695652173913,0.08116762806243204
97.06860706860707,0.9699406262342776,0.9855072463768116,0.9548581255374032,0.08349570866960745
97.6923076923077,0.9763869851912497,0.9906580016246954,0.9625212947189097,0.06616937610637319
97.71309771309771,0.9768296938965488,0.9901153212520593,0.9638958858102435,0.07250710773357266
97.58835758835758,0.9748664185232981,0.9904988123515439,0.9597197898423818,0.07162385541149908
97.27650727650727,0.9717570912022737,0.9884554140127388,0.9556135770234987,0.07292542854409177
97.44282744282744,0.9734834478018318,0.9951219512195122,0.9527659574468085,0.07055658127170099
97.65072765072765,0.9758596963796864,0.9880239520958084,0.9639913232104121,0.06941108592764596
97.0893970893971,0.9696418673119623,0.9881235154394299,0.9518388791593695,0.07912697683934611
97.4012474012474,0.9731835915150651,0.9895540377661711,0.957345971563981,0.07113015224804749
97.5051975051975,0.9738909477610544,0.9894117647058823,0.9588495575221239,0.06884215092150932
97.35966735966736,0.9725444885997879,0.9911929543634908,0.9545847750865052,0.0683261861947095
97.15176715176715,0.9710904672169405,0.985661614092585,0.9569438581680034,0.07827845927339488
97.04781704781705,0.9698204772794621,0.986975986975987,0.953251168720782,0.09034723678212651
97.23492723492724,0.9711552159583353,0.9904382470119522,0.9526086956521739,0.07418640598329462
97.35966735966736,0.9727275884639532,0.986904761904762,0.9589519650655022,0.07641275571296166
97.0893970893971,0.9699206809054765,0.9887369267900241,0.9518072289156626,0.07362125549395714
97.25571725571726,0.9715593142314325,0.9876837504966229,0.955952900130833,0.06928145253484809
96.92307692307692,0.968928146807684,0.9907795473595976,0.948019801980198,0.08448024902283649
97.67151767151768,0.9756900305550291,0.9897959183673469,0.9619805481874447,0.07162761777627771
97.83783783783784,0.9775088788209436,0.9905362776025236,0.9648197009674582,0.06274027606925449
97.29729729729729,0.9723389411768472,0.9909946786737618,0.9543726235741445,0.07518206254788239
97.5051975051975,0.9742304244218692,0.9880763116057234,0.960767218831735,0.07204860214665804
97.31808731808732,0.9722507647632411,0.9858211894446632,0.9590488771466315,0.07458062822642018
97.42203742203742,0.9736788783378437,0.9893920848633211,0.9584569732937686,0.0702833328806561
97.33887733887734,0.9724528291811622,0.9895875050060072,0.9559014267185474,0.07078796843852918
97.29729729729729,0.9719281360282322,0.9884874950377134,0.9559144478393714,0.07650212313429977
97.6923076923077,0.9760659984202507,0.9927710843373494,0.9599137931034483,0.06448062600416912
97.1933471933472,0.971005554765801,0.9903069466882067,0.9524421593830334,0.0772750056898628
97.31808731808732,0.9725999101962777,0.9897792313982011,0.9560067681895094,0.07682383049612482
97.60914760914761,0.9754553337577382,0.9906882591093117,0.9606837606837607,0.06339717531836206
97.56756756756756,0.9747608132039689,0.987814465408805,0.9620476610767873,0.07295787158168528
96.88149688149689,0.9677199307413415,0.9887187751813054,0.947594501718213,0.08305629906931934
97.67151767151768,0.9757846616483686,0.9908693926161175,0.9611523352247927,0.06437651736665664
97.60914760914761,0.9746542582582592,0.9921966445571596,0.9577214063195372,0.06598896684430988
97.65072765072765,0.9755224313444235,0.9901341752170482,0.961335676625659,0.0674005114084222
96.96465696465697,0.9686774724512484,0.9890776699029126,0.9491017964071856,0.08177705908391679
97.60914760914761,0.9752923626213672,0.991941982272361,0.959192439862543,0.07154259351924402
97.04781704781705,0.969379988248762,0.9880191693290735,0.9514310494362532,0.07621243784122804
97.1933471933472,0.9710168216094188,0.989911218724778,0.9528301886792453,0.07096106049269747
97.4012474012474,0.9729848706585372,0.9889064976228209,0.9575678040244969,0.07250465180825542
97.38045738045739,0.9726025493706743,0.9904988123515439,0.9553415061295972,0.0815780970386061
96.94386694386695,0.9683134971632048,0.9891435464414958,0.9483426603529919,0.08024863202043513
